"tripduration","starttime","stoptime","start station id","start station name","start station latitude","start station longitude","end station id","end station name","end station latitude","end station longitude","bikeid","usertype","birth year","gender"
"471","2014-01-01 00:00:06","2014-01-01 00:07:57","2009","Catherine St & Monroe St","40.71117444","-73.99682619","263","Elizabeth St & Hester St","40.71729","-73.996375","16379","Subscriber","1986","1"
"1494","2014-01-01 00:00:38","2014-01-01 00:25:32","536","1 Ave & E 30 St","40.74144387","-73.97536082","259","South St & Whitehall St","40.70122128","-74.01234218","15611","Subscriber","1963","1"
"464","2014-01-01 00:03:59","2014-01-01 00:11:43","228","E 48 St & 3 Ave","40.7546011026","-73.971878855","2022","E 59 St & Sutton Pl","40.75849116","-73.95920622","16613","Subscriber","1991","1"
"373","2014-01-01 00:05:15","2014-01-01 00:11:28","519","Pershing Square N","40.75188406","-73.97770164","526","E 33 St & 5 Ave","40.74765947","-73.98490707","15938","Subscriber","1989","1"
"660","2014-01-01 00:05:18","2014-01-01 00:16:18","83","Atlantic Ave & Fort Greene Pl","40.68382604","-73.97632328","436","Hancock St & Bedford Ave","40.68216564","-73.95399026","19830","Subscriber","1990","1"
"330","2014-01-01 00:05:55","2014-01-01 00:11:25","422","W 59 St & 10 Ave","40.770513","-73.988038","526","E 33 St & 5 Ave","40.74765947","-73.98490707","17343","Subscriber","1987","1"
"261","2014-01-01 00:06:04","2014-01-01 00:10:25","516","E 47 St & 1 Ave","40.75206862","-73.96784384","167","E 39 St & 3 Ave","40.7489006","-73.97604882","17880","Subscriber","1983","1"
"337","2014-01-01 00:06:41","2014-01-01 00:12:18","380","W 4 St & 7 Ave S","40.73401143","-74.00293877","435","W 21 St & 6 Ave","40.74173969","-73.99415556","16275","Subscriber","1963","1"
"429","2014-01-01 00:07:33","2014-01-01 00:14:42","296","Division St & Bowery","40.71413089","-73.9970468","306","Cliff St & Fulton St","40.70823502","-74.00530063","17318","Subscriber","1972","2"
"1025","2014-01-01 00:08:27","2014-01-01 00:25:32","540","Lexington Ave & E 26 St","40.74147286","-73.98320928","447","8 Ave & W 52 St","40.76370739","-73.9851615","15525","Subscriber","1981","1"
"718","2014-01-01 00:09:32","2014-01-01 00:21:30","263","Elizabeth St & Hester St","40.71729","-73.996375","251","Mott St & Prince St","40.72317958","-73.99480012","15693","Customer",\N,"0"
"786","2014-01-01 00:10:59","2014-01-01 00:24:05","153","E 40 St & 5 Ave","40.752062307","-73.9816324043","290","2 Ave & E 58 St","40.76020258","-73.96478473","15281","Subscriber","1968","1"
"267","2014-01-01 00:11:17","2014-01-01 00:15:44","151","Cleveland Pl & Spring St","40.7218158","-73.99720307","410","Suffolk St & Stanton St","40.72066442","-73.98517977","15159","Subscriber","1983","1"
"744","2014-01-01 00:12:23","2014-01-01 00:24:47","450","W 49 St & 8 Ave","40.76227205","-73.98788205","505","6 Ave & W 33 St","40.74901271","-73.98848395","15157","Subscriber","1976","1"
"704","2014-01-01 00:12:25","2014-01-01 00:24:09","331","Pike St & Monroe St","40.71173107","-73.99193043","195","Liberty St & Broadway","40.70905623","-74.01043382","17080","Subscriber","1980","2"
"1367","2014-01-01 00:12:47","2014-01-01 00:35:34","519","Pershing Square N","40.75188406","-73.97770164","386","Centre St & Worth St","40.71494807","-74.00234482","20731","Customer",\N,"0"
"327","2014-01-01 00:13:11","2014-01-01 00:18:38","502","Henry St & Grand St","40.714215","-73.981346","411","E 6 St & Avenue D","40.72228087","-73.97668709","15655","Subscriber","1973","2"
"223","2014-01-01 00:15:30","2014-01-01 00:19:13","528","2 Ave & E 31 St","40.74290902","-73.97706058","518","E 39 St & 2 Ave","40.74780373","-73.9734419","15737","Subscriber","1982","1"
"577","2014-01-01 00:16:04","2014-01-01 00:25:41","467","Dean St & 4 Ave","40.68312489","-73.97895137","270","Adelphi St & Myrtle Ave","40.69308257","-73.97178913","16115","Subscriber","1983","1"
"566","2014-01-01 00:16:13","2014-01-01 00:25:39","467","Dean St & 4 Ave","40.68312489","-73.97895137","270","Adelphi St & Myrtle Ave","40.69308257","-73.97178913","15753","Subscriber","1983","2"
"637","2014-01-01 00:16:32","2014-01-01 00:27:09","285","Broadway & E 14 St","40.73454567","-73.99074142","505","6 Ave & W 33 St","40.74901271","-73.98848395","15440","Subscriber","1981","1"
"513","2014-01-01 00:16:38","2014-01-01 00:25:11","382","University Pl & E 14 St","40.73492695","-73.99200509","401","Allen St & Rivington St","40.72019576","-73.98997825","14650","Subscriber","1990","1"
"430","2014-01-01 00:18:47","2014-01-01 00:25:57","285","Broadway & E 14 St","40.73454567","-73.99074142","380","W 4 St & 7 Ave S","40.73401143","-74.00293877","19415","Subscriber","1971","2"
"837","2014-01-01 00:18:54","2014-01-01 00:32:51","488","W 39 St & 9 Ave","40.75645824","-73.99372222","380","W 4 St & 7 Ave S","40.73401143","-74.00293877","16827","Subscriber","1963","1"
"834","2014-01-01 00:19:03","2014-01-01 00:32:57","488","W 39 St & 9 Ave","40.75645824","-73.99372222","380","W 4 St & 7 Ave S","40.73401143","-74.00293877","20280","Subscriber","1963","1"
"387","2014-01-01 00:19:25","2014-01-01 00:25:52","401","Allen St & Rivington St","40.72019576","-73.98997825","342","Columbia St & Rivington St","40.71739973","-73.98016555","16776","Subscriber","1981","1"
"1191","2014-01-01 00:21:51","2014-01-01 00:41:42","251","Mott St & Prince St","40.72317958","-73.99480012","404","9 Ave & W 14 St","40.7405826","-74.00550867","15693","Customer",\N,"0"
"601","2014-01-01 00:22:05","2014-01-01 00:32:06","507","E 25 St & 2 Ave","40.73912601","-73.97973776","150","E 2 St & Avenue C","40.7208736","-73.98085795","19260","Subscriber","1986","1"
"128","2014-01-01 00:22:29","2014-01-01 00:24:37","380","W 4 St & 7 Ave S","40.73401143","-74.00293877","380","W 4 St & 7 Ave S","40.73401143","-74.00293877","20001","Subscriber","1984","1"
"170","2014-01-01 00:22:36","2014-01-01 00:25:26","116","W 17 St & 8 Ave","40.74177603","-74.00149746","404","9 Ave & W 14 St","40.7405826","-74.00550867","18005","Subscriber","1986","1"
"844","2014-01-01 00:22:48","2014-01-01 00:36:52","537","Lexington Ave & E 24 St","40.74025878","-73.98409214","448","W 37 St & 10 Ave","40.75660359","-73.9979009","17859","Subscriber","1967","1"
"360","2014-01-01 00:23:46","2014-01-01 00:29:46","533","Broadway & W 39 St","40.75299641","-73.98721619","525","W 34 St & 11 Ave","40.75594159","-74.0021163","19772","Subscriber","1983","1"
"752","2014-01-01 00:23:58","2014-01-01 00:36:30","444","Broadway & W 24 St","40.7423543","-73.98915076","236","St Marks Pl & 2 Ave","40.7284186","-73.98713956","18671","Subscriber","1957","1"
"751","2014-01-01 00:23:59","2014-01-01 00:36:30","383","Greenwich Ave & Charles St","40.735238","-74.000271","445","E 10 St & Avenue A","40.72740794","-73.98142006","19655","Subscriber","1970","1"
"513","2014-01-01 00:24:41","2014-01-01 00:33:14","335","Washington Pl & Broadway","40.72903917","-73.99404649","458","11 Ave & W 27 St","40.751396","-74.005226","14711","Subscriber","1963","1"
"585","2014-01-01 00:25:40","2014-01-01 00:35:25","116","W 17 St & 8 Ave","40.74177603","-74.00149746","540","Lexington Ave & E 26 St","40.74147286","-73.98320928","15296","Subscriber","1966","1"
"819","2014-01-01 00:26:19","2014-01-01 00:39:58","3002","South End Ave & Liberty St","40.711512","-74.015756","127","Barrow St & Hudson St","40.73172428","-74.00674436","19323","Subscriber","1956","2"
"800","2014-01-01 00:26:25","2014-01-01 00:39:45","3002","South End Ave & Liberty St","40.711512","-74.015756","127","Barrow St & Hudson St","40.73172428","-74.00674436","19387","Subscriber","1959","1"
"1957","2014-01-01 00:27:00","2014-01-01 00:59:37","2006","Central Park S & 6 Ave","40.76590936","-73.97634151","497","E 17 St & Broadway","40.73704984","-73.99009296","20352","Customer",\N,"0"
"851","2014-01-01 00:27:24","2014-01-01 00:41:35","251","Mott St & Prince St","40.72317958","-73.99480012","404","9 Ave & W 14 St","40.7405826","-74.00550867","16253","Customer",\N,"0"
"1942","2014-01-01 00:27:26","2014-01-01 00:59:48","2006","Central Park S & 6 Ave","40.76590936","-73.97634151","497","E 17 St & Broadway","40.73704984","-73.99009296","19734","Customer",\N,"0"
"496","2014-01-01 00:27:55","2014-01-01 00:36:11","83","Atlantic Ave & Fort Greene Pl","40.68382604","-73.97632328","390","Duffield St & Willoughby St","40.69221589","-73.9842844","16180","Customer",\N,"0"
"188","2014-01-01 00:27:56","2014-01-01 00:31:04","482","W 15 St & 7 Ave","40.73935542","-73.99931783","404","9 Ave & W 14 St","40.7405826","-74.00550867","21183","Subscriber","1981","1"
"1403","2014-01-01 00:28:23","2014-01-01 00:51:46","422","W 59 St & 10 Ave","40.770513","-73.988038","509","9 Ave & W 22 St","40.7454973","-74.00197139","16618","Customer",\N,"0"
"1391","2014-01-01 00:28:30","2014-01-01 00:51:41","422","W 59 St & 10 Ave","40.770513","-73.988038","352","W 56 St & 6 Ave","40.76340613","-73.97722479","17060","Customer",\N,"0"
"1747","2014-01-01 00:29:05","2014-01-01 00:58:12","128","MacDougal St & Prince St","40.72710258","-74.00297088","545","E 23 St & 1 Ave","40.736502","-73.97809472","16276","Subscriber","1965","1"
"686","2014-01-01 00:29:39","2014-01-01 00:41:05","486","Broadway & W 29 St","40.7462009","-73.98855723","168","W 18 St & 6 Ave","40.73971301","-73.99456405","20887","Subscriber","1982","2"
"666","2014-01-01 00:29:54","2014-01-01 00:41:00","486","Broadway & W 29 St","40.7462009","-73.98855723","168","W 18 St & 6 Ave","40.73971301","-73.99456405","18907","Subscriber","1982","2"
"675","2014-01-01 00:32:13","2014-01-01 00:43:28","274","Lafayette Ave & Fort Greene Pl","40.68691865","-73.976682","274","Lafayette Ave & Fort Greene Pl","40.68691865","-73.976682","17145","Subscriber","1976","1"
"735","2014-01-01 00:32:20","2014-01-01 00:44:35","274","Lafayette Ave & Fort Greene Pl","40.68691865","-73.976682","274","Lafayette Ave & Fort Greene Pl","40.68691865","-73.976682","15495","Subscriber","1977","1"
"714","2014-01-01 00:32:27","2014-01-01 00:44:21","274","Lafayette Ave & Fort Greene Pl","40.68691865","-73.976682","274","Lafayette Ave & Fort Greene Pl","40.68691865","-73.976682","19673","Subscriber","1976","1"
"342","2014-01-01 00:32:37","2014-01-01 00:38:19","244","Willoughby Ave & Hall St","40.69196035","-73.96536851","258","DeKalb Ave & Vanderbilt Ave","40.68940747","-73.96885458","19621","Subscriber","1980","1"
"222","2014-01-01 00:33:04","2014-01-01 00:36:46","302","Avenue D & E 3 St","40.72082834","-73.97793172","317","E 6 St & Avenue B","40.72453734","-73.98185424","15213","Subscriber","1978","1"
"303","2014-01-01 00:33:18","2014-01-01 00:38:21","244","Willoughby Ave & Hall St","40.69196035","-73.96536851","258","DeKalb Ave & Vanderbilt Ave","40.68940747","-73.96885458","19084","Subscriber","1982","2"
"240","2014-01-01 00:35:08","2014-01-01 00:39:08","401","Allen St & Rivington St","40.72019576","-73.98997825","428","E 3 St & 1 Ave","40.72467721","-73.98783413","18054","Subscriber","1975","2"
"1619","2014-01-01 00:35:21","2014-01-01 01:02:20","146","Hudson St & Reade St","40.71625008","-74.0091059","507","E 25 St & 2 Ave","40.73912601","-73.97973776","20729","Subscriber","1962","2"
"425","2014-01-01 00:36:15","2014-01-01 00:43:20","128","MacDougal St & Prince St","40.72710258","-74.00297088","382","University Pl & E 14 St","40.73492695","-73.99200509","21086","Subscriber","1971","1"
"885","2014-01-01 00:36:21","2014-01-01 00:51:06","334","W 20 St & 7 Ave","40.74238787","-73.99726235","439","E 4 St & 2 Ave","40.7262807","-73.98978041","15978","Subscriber","1960","1"
"709","2014-01-01 00:36:28","2014-01-01 00:48:17","402","Broadway & E 22 St","40.7403432","-73.98955109","128","MacDougal St & Prince St","40.72710258","-74.00297088","18905","Subscriber","1985","1"
"1001","2014-01-01 00:36:33","2014-01-01 00:53:14","404","9 Ave & W 14 St","40.7405826","-74.00550867","403","E 2 St & 2 Ave","40.72502876","-73.99069656","21183","Subscriber","1981","1"
"611","2014-01-01 00:37:12","2014-01-01 00:47:23","354","Emerson Pl & Myrtle Ave","40.69363137","-73.96223558","278","Concord St & Bridge St","40.69766564","-73.98476437","14531","Subscriber","1987","1"
"1348","2014-01-01 00:37:46","2014-01-01 01:00:14","386","Centre St & Worth St","40.71494807","-74.00234482","366","Clinton Ave & Myrtle Ave","40.693261","-73.968896","20298","Customer",\N,"0"
"511","2014-01-01 00:38:26","2014-01-01 00:46:57","218","Gallatin Pl & Livingston St","40.69028437","-73.98707105","418","Front St & Gold St","40.70224","-73.982578","15169","Subscriber","1969","1"
"525","2014-01-01 00:38:33","2014-01-01 00:47:18","218","Gallatin Pl & Livingston St","40.69028437","-73.98707105","418","Front St & Gold St","40.70224","-73.982578","20064","Subscriber","1979","2"
"649","2014-01-01 00:38:33","2014-01-01 00:49:22","160","E 37 St & Lexington Ave","40.748238","-73.978311","2022","E 59 St & Sutton Pl","40.75849116","-73.95920622","19894","Subscriber","1965","1"
"107","2014-01-01 00:38:43","2014-01-01 00:40:30","326","E 11 St & 1 Ave","40.72953837","-73.98426726","236","St Marks Pl & 2 Ave","40.7284186","-73.98713956","17271","Subscriber","1970","1"
"1317","2014-01-01 00:39:37","2014-01-01 01:01:34","521","8 Ave & W 31 St","40.75044999","-73.99481051","79","Franklin St & W Broadway","40.71911552","-74.00666661","18105","Subscriber","1988","1"
"1511","2014-01-01 00:40:20","2014-01-01 01:05:31","363","West Thames St","40.70834698","-74.01713445","360","William St & Pine St","40.70717936","-74.00887308","21164","Customer",\N,"0"
"951","2014-01-01 00:40:37","2014-01-01 00:56:28","363","West Thames St","40.70834698","-74.01713445","401","Allen St & Rivington St","40.72019576","-73.98997825","17214","Customer",\N,"0"
"1509","2014-01-01 00:40:41","2014-01-01 01:05:50","363","West Thames St","40.70834698","-74.01713445","360","William St & Pine St","40.70717936","-74.00887308","18644","Customer",\N,"0"
"1116","2014-01-01 00:40:41","2014-01-01 00:59:17","532","S 5 Pl & S 4 St","40.710451","-73.960876","517","Pershing Square S","40.75149263","-73.97798848","18424","Customer",\N,"0"
"557","2014-01-01 00:40:58","2014-01-01 00:50:15","319","Park Pl & Church St","40.71336124","-74.00937622","473","Rivington St & Chrystie St","40.72110063","-73.9919254","19330","Subscriber","1984","1"
"1487","2014-01-01 00:41:00","2014-01-01 01:05:47","529","W 42 St & 8 Ave","40.7575699","-73.99098507","229","Great Jones St","40.72743423","-73.99379025","14796","Subscriber","1961","1"
"659","2014-01-01 00:42:54","2014-01-01 00:53:53","433","E 13 St & Avenue A","40.72955361","-73.98057249","350","Clinton St & Grand St","40.71559509","-73.9870295","14860","Subscriber","1962","2"
"667","2014-01-01 00:44:12","2014-01-01 00:55:19","285","Broadway & E 14 St","40.73454567","-73.99074142","301","E 2 St & Avenue B","40.72217444","-73.98368779","16853","Subscriber","1953","1"
"270","2014-01-01 00:44:22","2014-01-01 00:48:52","399","Lafayette Ave & St James Pl","40.68851534","-73.9647628","365","Fulton St & Grand Ave","40.68223166","-73.9614583","18486","Subscriber","1964","2"
"669","2014-01-01 00:44:33","2014-01-01 00:55:42","499","Broadway & W 60 St","40.76915505","-73.98191841","515","W 43 St & 10 Ave","40.76009437","-73.99461843","17874","Subscriber","1982","1"
"1433","2014-01-01 00:45:56","2014-01-01 01:09:49","257","Lispenard St & Broadway","40.71939226","-74.00247214","495","W 47 St & 10 Ave","40.76269882","-73.99301222","17647","Subscriber","1962","1"
"239","2014-01-01 00:46:12","2014-01-01 00:50:11","307","Canal St & Rutgers St","40.71427487","-73.98990025","502","Henry St & Grand St","40.714215","-73.981346","15703","Subscriber","1984","1"
"372","2014-01-01 00:46:18","2014-01-01 00:52:30","450","W 49 St & 8 Ave","40.76227205","-73.98788205","285","Broadway & E 14 St","40.73454567","-73.99074142","17688","Subscriber","1983","1"
"147","2014-01-01 00:47:01","2014-01-01 00:49:28","320","Church St & Leonard St","40.71743998","-74.00583475","146","Hudson St & Reade St","40.71625008","-74.0091059","17198","Subscriber","1960","1"
"697","2014-01-01 00:47:05","2014-01-01 00:58:42","479","9 Ave & W 45 St","40.76019252","-73.9912551","499","Broadway & W 60 St","40.76915505","-73.98191841","17607","Subscriber","1962","1"
"301","2014-01-01 00:47:15","2014-01-01 00:52:16","293","Lafayette St & E 8 St","40.73028666","-73.9907647","285","Broadway & E 14 St","40.73454567","-73.99074142","17837","Subscriber","1987","2"
"384","2014-01-01 00:47:18","2014-01-01 00:53:42","386","Centre St & Worth St","40.71494807","-74.00234482","323","Lawrence St & Willoughby St","40.69236178","-73.98631746","15648","Subscriber","1972","1"
"769","2014-01-01 00:48:00","2014-01-01 01:00:49","402","Broadway & E 22 St","40.7403432","-73.98955109","128","MacDougal St & Prince St","40.72710258","-74.00297088","18218","Subscriber","1956","1"
"678","2014-01-01 00:48:28","2014-01-01 00:59:46","271","Ashland Pl & Hanson Pl","40.68528172","-73.97805813","396","Lefferts Pl & Franklin Ave","40.680342423","-73.9557689392","20249","Subscriber","1966","1"
"607","2014-01-01 00:48:59","2014-01-01 00:59:06","488","W 39 St & 9 Ave","40.75645824","-73.99372222","470","W 20 St & 8 Ave","40.74345335","-74.00004031","15570","Subscriber","1983","2"
"1086","2014-01-01 00:50:00","2014-01-01 01:08:06","524","W 43 St & 6 Ave","40.75527307","-73.98316936","237","E 11 St & 2 Ave","40.73047309","-73.98672378","19774","Subscriber","1986","1"
"467","2014-01-01 00:51:08","2014-01-01 00:58:55","335","Washington Pl & Broadway","40.72903917","-73.99404649","301","E 2 St & Avenue B","40.72217444","-73.98368779","14563","Subscriber","1971","2"
"474","2014-01-01 00:51:12","2014-01-01 00:59:06","335","Washington Pl & Broadway","40.72903917","-73.99404649","301","E 2 St & Avenue B","40.72217444","-73.98368779","15046","Subscriber","1970","1"
"434","2014-01-01 00:51:31","2014-01-01 00:58:45","284","Greenwich Ave & 8 Ave","40.7390169121","-74.0026376103","512","W 29 St & 9 Ave","40.7500727","-73.99839279","16114","Subscriber","1976","1"
"563","2014-01-01 00:51:43","2014-01-01 01:01:06","285","Broadway & E 14 St","40.73454567","-73.99074142","2012","E 27 St & 1 Ave","40.739445","-73.976806","16760","Subscriber","1987","1"
"755","2014-01-01 00:52:34","2014-01-01 01:05:09","514","12 Ave & W 40 St","40.76087502","-74.00277668","422","W 59 St & 10 Ave","40.770513","-73.988038","16466","Subscriber","1976","1"
"665","2014-01-01 00:52:36","2014-01-01 01:03:41","382","University Pl & E 14 St","40.73492695","-73.99200509","250","Lafayette St & Jersey St","40.72456089","-73.99565293","17486","Subscriber","1989","1"
"259","2014-01-01 00:52:51","2014-01-01 00:57:10","348","W Broadway & Spring St","40.72490985","-74.00154702","161","LaGuardia Pl & W 3 St","40.72917025","-73.99810231","15713","Subscriber","1972","2"
"393","2014-01-01 00:53:37","2014-01-01 01:00:10","358","Christopher St & Greenwich St","40.73291553","-74.00711384","496","E 16 St & 5 Ave","40.73726186","-73.99238967","17518","Subscriber","1985","1"
"508","2014-01-01 00:53:56","2014-01-01 01:02:24","312","Allen St & E Houston St","40.722055","-73.989111","2009","Catherine St & Monroe St","40.71117444","-73.99682619","15140","Subscriber","1988","1"
"297","2014-01-01 00:54:19","2014-01-01 00:59:16","504","1 Ave & E 15 St","40.73221853","-73.98165557","317","E 6 St & Avenue B","40.72453734","-73.98185424","15988","Subscriber","1987","1"
"1794","2014-01-01 00:54:38","2014-01-01 01:24:32","511","E 14 St & Avenue B","40.72938685","-73.97772429","479","9 Ave & W 45 St","40.76019252","-73.9912551","18351","Subscriber","1979","1"
"1337","2014-01-01 00:55:26","2014-01-01 01:17:43","347","W Houston St & Hudson St","40.72873888","-74.00748842","72","W 52 St & 11 Ave","40.76727216","-73.99392888","14900","Subscriber","1981","2"
"1305","2014-01-01 00:55:35","2014-01-01 01:17:20","347","W Houston St & Hudson St","40.72873888","-74.00748842","72","W 52 St & 11 Ave","40.76727216","-73.99392888","21228","Subscriber","1983","1"
"379","2014-01-01 00:55:49","2014-01-01 01:02:08","366","Clinton Ave & Myrtle Ave","40.693261","-73.968896","373","Willoughby Ave & Walworth St","40.69331716","-73.95381995","18309","Subscriber","1980","2"
"346","2014-01-01 00:57:07","2014-01-01 01:02:53","2021","W 45 St & 8 Ave","40.75929124","-73.98859651","330","Reade St & Broadway","40.71450451","-74.00562789","17496","Subscriber","1974","1"
"308","2014-01-01 00:57:11","2014-01-01 01:02:19","326","E 11 St & 1 Ave","40.72953837","-73.98426726","285","Broadway & E 14 St","40.73454567","-73.99074142","17820","Subscriber","1970","1"
"454","2014-01-01 00:57:34","2014-01-01 01:05:08","531","Forsyth St & Broome St","40.71893904","-73.99266288","511","E 14 St & Avenue B","40.72938685","-73.97772429","21068","Subscriber","1985","1"
"412","2014-01-01 00:57:41","2014-01-01 01:04:33","352","W 56 St & 6 Ave","40.76340613","-73.97722479","449","W 52 St & 9 Ave","40.76461837","-73.98789473","16259","Subscriber","1982","1"
"1756","2014-01-01 00:58:00","2014-01-01 01:27:16","225","W 14 St & The High Line","40.74195138","-74.00803013","369","Washington Pl & 6 Ave","40.73224119","-74.00026394","21186","Customer",\N,"0"
"25792","2014-01-01 00:58:06","2014-01-01 08:07:58","225","W 14 St & The High Line","40.74195138","-74.00803013","229","Great Jones St","40.72743423","-73.99379025","16287","Customer",\N,"0"
"285","2014-01-01 00:58:33","2014-01-01 01:03:18","237","E 11 St & 2 Ave","40.73047309","-73.98672378","403","E 2 St & 2 Ave","40.72502876","-73.99069656","18947","Subscriber","1984","1"
"1054","2014-01-01 00:58:42","2014-01-01 01:16:16","402","Broadway & E 22 St","40.7403432","-73.98955109","385","E 55 St & 2 Ave","40.75797322","-73.96603308","17942","Subscriber","1957","1"
"394","2014-01-01 00:58:59","2014-01-01 01:05:33","267","Broadway & W 36 St","40.75097711","-73.98765428","490","8 Ave & W 33 St","40.751551","-73.993934","15244","Customer",\N,"0"
"367","2014-01-01 00:59:09","2014-01-01 01:05:16","267","Broadway & W 36 St","40.75097711","-73.98765428","490","8 Ave & W 33 St","40.751551","-73.993934","19466","Customer",\N,"0"
"232","2014-01-01 00:59:16","2014-01-01 01:03:08","427","State St","40.70251526","-74.01427023","351","Front St & Maiden Ln","40.70530954","-74.00612572","17890","Subscriber","1978","1"
"728","2014-01-01 00:59:27","2014-01-01 01:11:35","459","W 20 St & 11 Ave","40.746745","-74.007756","348","W Broadway & Spring St","40.72490985","-74.00154702","19307","Subscriber","1987","1"
"784","2014-01-01 00:59:38","2014-01-01 01:12:42","291","Madison St & Montgomery St","40.713126","-73.984844","375","Mercer St & Bleecker St","40.72679454","-73.99695094","16346","Subscriber","1984","1"
"444","2014-01-01 01:00:15","2014-01-01 01:07:39","2021","W 45 St & 8 Ave","40.75929124","-73.98859651","449","W 52 St & 9 Ave","40.76461837","-73.98789473","20331","Subscriber","1977","1"
"1307","2014-01-01 01:00:24","2014-01-01 01:22:11","82","St James Pl & Pearl St","40.71117416","-74.00016545","444","Broadway & W 24 St","40.7423543","-73.98915076","18124","Subscriber","1990","1"
"268","2014-01-01 01:00:26","2014-01-01 01:04:54","238","Bank St & Washington St","40.7361967","-74.00859207","116","W 17 St & 8 Ave","40.74177603","-74.00149746","20797","Subscriber","1971","1"
"626","2014-01-01 01:00:58","2014-01-01 01:11:24","511","E 14 St & Avenue B","40.72938685","-73.97772429","403","E 2 St & 2 Ave","40.72502876","-73.99069656","17553","Subscriber","1983","1"
"623","2014-01-01 01:01:06","2014-01-01 01:11:29","511","E 14 St & Avenue B","40.72938685","-73.97772429","403","E 2 St & 2 Ave","40.72502876","-73.99069656","14970","Subscriber","1990","1"
"1894","2014-01-01 01:01:07","2014-01-01 01:32:41","458","11 Ave & W 27 St","40.751396","-74.005226","385","E 55 St & 2 Ave","40.75797322","-73.96603308","18590","Subscriber","1958","1"
"765","2014-01-01 01:02:02","2014-01-01 01:14:47","128","MacDougal St & Prince St","40.72710258","-74.00297088","325","E 19 St & 3 Ave","40.73624527","-73.98473765","18905","Subscriber","1900","1"
"730","2014-01-01 01:02:03","2014-01-01 01:14:13","128","MacDougal St & Prince St","40.72710258","-74.00297088","325","E 19 St & 3 Ave","40.73624527","-73.98473765","20255","Subscriber","1960","2"
"466","2014-01-01 01:02:26","2014-01-01 01:10:12","120","Lexington Ave & Classon Ave","40.68676793","-73.95928168","313","Washington Ave & Park Ave","40.69610226","-73.96751037","18091","Subscriber","1982","1"
"1357","2014-01-01 01:03:21","2014-01-01 01:25:58","225","W 14 St & The High Line","40.74195138","-74.00803013","369","Washington Pl & 6 Ave","40.73224119","-74.00026394","15269","Customer",\N,"0"
"996","2014-01-01 01:03:40","2014-01-01 01:20:16","364","Lafayette Ave & Classon Ave","40.68900443","-73.96023854","242","Flushing Ave & Carlton Ave","40.69788349","-73.97350332","14692","Subscriber","1982","1"
"332","2014-01-01 01:04:47","2014-01-01 01:10:19","504","1 Ave & E 15 St","40.73221853","-73.98165557","496","E 16 St & 5 Ave","40.73726186","-73.99238967","21116","Subscriber","1969","1"
"438","2014-01-01 01:04:54","2014-01-01 01:12:12","2010","Grand St & Greene St","40.72165481","-74.00234737","380","W 4 St & 7 Ave S","40.73401143","-74.00293877","20087","Subscriber","1979","1"
"400","2014-01-01 01:05:14","2014-01-01 01:11:54","397","Fulton St & Clermont Ave","40.68415748","-73.96922273","436","Hancock St & Bedford Ave","40.68216564","-73.95399026","20364","Subscriber","1986","1"
"403","2014-01-01 01:05:15","2014-01-01 01:11:58","397","Fulton St & Clermont Ave","40.68415748","-73.96922273","436","Hancock St & Bedford Ave","40.68216564","-73.95399026","17785","Subscriber","1986","1"
"1421","2014-01-01 01:06:04","2014-01-01 01:29:45","407","Henry St & Poplar St","40.700469","-73.991454","2012","E 27 St & 1 Ave","40.739445","-73.976806","18956","Subscriber","1986","1"
"1196","2014-01-01 01:06:07","2014-01-01 01:26:03","375","Mercer St & Bleecker St","40.72679454","-73.99695094","167","E 39 St & 3 Ave","40.7489006","-73.97604882","20916","Subscriber","1990","1"
"846","2014-01-01 01:06:12","2014-01-01 01:20:18","532","S 5 Pl & S 4 St","40.710451","-73.960876","531","Forsyth St & Broome St","40.71893904","-73.99266288","15430","Subscriber","1981","1"
"1170","2014-01-01 01:06:20","2014-01-01 01:25:50","455","1 Ave & E 44 St","40.75001986","-73.96905301","511","E 14 St & Avenue B","40.72938685","-73.97772429","17770","Subscriber","1960","2"
"1154","2014-01-01 01:06:29","2014-01-01 01:25:43","375","Mercer St & Bleecker St","40.72679454","-73.99695094","167","E 39 St & 3 Ave","40.7489006","-73.97604882","15359","Subscriber","1991","2"
"550","2014-01-01 01:06:47","2014-01-01 01:15:57","322","Clinton St & Tillary St","40.696192","-73.991218","414","Pearl St & Anchorage Pl","40.70281858","-73.98765762","20634","Customer",\N,"0"
"876","2014-01-01 01:06:48","2014-01-01 01:21:24","488","W 39 St & 9 Ave","40.75645824","-73.99372222","346","Bank St & Hudson St","40.73652889","-74.00618026","19971","Subscriber","1957","2"
"269","2014-01-01 01:07:01","2014-01-01 01:11:30","494","W 26 St & 8 Ave","40.74734825","-73.99723551","470","W 20 St & 8 Ave","40.74345335","-74.00004031","16191","Customer",\N,"0"
"269","2014-01-01 01:07:07","2014-01-01 01:11:36","83","Atlantic Ave & Fort Greene Pl","40.68382604","-73.97632328","470","W 20 St & 8 Ave","40.74345335","-74.00004031","17774","Customer",\N,"0"
"768","2014-01-01 01:07:28","2014-01-01 01:20:16","432","E 7 St & Avenue A","40.72621788","-73.98379855","348","W Broadway & Spring St","40.72490985","-74.00154702","19412","Subscriber","1989","2"
"553","2014-01-01 01:07:29","2014-01-01 01:16:42","352","W 56 St & 6 Ave","40.76340613","-73.97722479","290","2 Ave & E 58 St","40.76020258","-73.96478473","15563","Subscriber","1968","1"
"1438","2014-01-01 01:08:17","2014-01-01 01:32:15","238","Bank St & Washington St","40.7361967","-74.00859207","393","E 5 St & Avenue C","40.72299208","-73.97995466","17072","Customer",\N,"0"
"323","2014-01-01 01:08:22","2014-01-01 01:13:45","446","W 24 St & 7 Ave","40.74487634","-73.99529885","462","W 22 St & 10 Ave","40.74691959","-74.00451887","15271","Subscriber","1971","1"
"335","2014-01-01 01:08:31","2014-01-01 01:14:06","382","University Pl & E 14 St","40.73492695","-73.99200509","116","W 17 St & 8 Ave","40.74177603","-74.00149746","18063","Subscriber","1982","1"
"366","2014-01-01 01:08:48","2014-01-01 01:14:54","348","W Broadway & Spring St","40.72490985","-74.00154702","146","Hudson St & Reade St","40.71625008","-74.0091059","21279","Subscriber","1981","1"
"1269","2014-01-01 01:09:14","2014-01-01 01:30:23","533","Broadway & W 39 St","40.75299641","-73.98721619","504","1 Ave & E 15 St","40.73221853","-73.98165557","20821","Subscriber","1981","1"
"574","2014-01-01 01:09:18","2014-01-01 01:18:52","380","W 4 St & 7 Ave S","40.73401143","-74.00293877","251","Mott St & Prince St","40.72317958","-73.99480012","20746","Subscriber","1953","1"
"515","2014-01-01 01:10:00","2014-01-01 01:18:35","383","Greenwich Ave & Charles St","40.735238","-74.000271","489","10 Ave & W 28 St","40.75066386","-74.00176802","19380","Subscriber","1988","1"
"359","2014-01-01 01:10:02","2014-01-01 01:16:01","322","Clinton St & Tillary St","40.696192","-73.991218","414","Pearl St & Anchorage Pl","40.70281858","-73.98765762","20265","Customer",\N,"0"
"1540","2014-01-01 01:10:28","2014-01-01 01:36:08","281","Grand Army Plaza & Central Park S","40.7643971","-73.97371465","445","E 10 St & Avenue A","40.72740794","-73.98142006","20073","Subscriber","1983","1"
"1330","2014-01-01 01:10:41","2014-01-01 01:32:51","267","Broadway & W 36 St","40.75097711","-73.98765428","461","E 20 St & 2 Ave","40.73587678","-73.98205027","16207","Customer",\N,"0"
"2245","2014-01-01 01:10:52","2014-01-01 01:48:17","398","Atlantic Ave & Furman St","40.69165183","-73.9999786","461","E 20 St & 2 Ave","40.73587678","-73.98205027","16854","Subscriber","1982","1"
"527","2014-01-01 01:11:12","2014-01-01 01:19:59","479","9 Ave & W 45 St","40.76019252","-73.9912551","513","W 56 St & 10 Ave","40.768254","-73.988639","19911","Subscriber","1988","1"
"289","2014-01-01 01:11:47","2014-01-01 01:16:36","293","Lafayette St & E 8 St","40.73028666","-73.9907647","369","Washington Pl & 6 Ave","40.73224119","-74.00026394","17924","Subscriber","1988","1"
"859","2014-01-01 01:12:04","2014-01-01 01:26:23","153","E 40 St & 5 Ave","40.752062307","-73.9816324043","461","E 20 St & 2 Ave","40.73587678","-73.98205027","20256","Customer",\N,"0"
"283","2014-01-01 01:12:18","2014-01-01 01:17:01","293","Lafayette St & E 8 St","40.73028666","-73.9907647","369","Washington Pl & 6 Ave","40.73224119","-74.00026394","17421","Subscriber","1989","1"
"69","2014-01-01 01:12:23","2014-01-01 01:13:32","281","Grand Army Plaza & Central Park S","40.7643971","-73.97371465","281","Grand Army Plaza & Central Park S","40.7643971","-73.97371465","21096","Subscriber","1982","2"
"690","2014-01-01 01:12:26","2014-01-01 01:23:56","519","Pershing Square N","40.75188406","-73.97770164","174","E 25 St & 1 Ave","40.7381765","-73.97738662","19722","Subscriber","1984","1"
"686","2014-01-01 01:12:29","2014-01-01 01:23:55","519","Pershing Square N","40.75188406","-73.97770164","174","E 25 St & 1 Ave","40.7381765","-73.97738662","20182","Subscriber","1984","2"
"2109","2014-01-01 01:13:02","2014-01-01 01:48:11","398","Atlantic Ave & Furman St","40.69165183","-73.9999786","461","E 20 St & 2 Ave","40.73587678","-73.98205027","15724","Subscriber","1988","2"
"239","2014-01-01 01:13:03","2014-01-01 01:17:02","285","Broadway & E 14 St","40.73454567","-73.99074142","335","Washington Pl & Broadway","40.72903917","-73.99404649","17837","Subscriber","1990","1"
"985","2014-01-01 01:13:11","2014-01-01 01:29:36","268","Howard St & Centre St","40.71910537","-73.99973337","476","E 31 St & 3 Ave","40.74394314","-73.97966069","19418","Subscriber","1986","1"
"456","2014-01-01 01:13:14","2014-01-01 01:20:50","482","W 15 St & 7 Ave","40.73935542","-73.99931783","521","8 Ave & W 31 St","40.75044999","-73.99481051","15757","Subscriber","1957","1"
"710","2014-01-01 01:13:18","2014-01-01 01:25:08","453","W 22 St & 8 Ave","40.74475148","-73.99915362","280","E 10 St & 5 Ave","40.73331967","-73.99510132","19114","Subscriber","1976","2"
"790","2014-01-01 01:13:28","2014-01-01 01:26:38","368","Carmine St & 6 Ave","40.73038599","-74.00214988","150","E 2 St & Avenue C","40.7208736","-73.98085795","17480","Subscriber","1966","1"
"464","2014-01-01 01:13:47","2014-01-01 01:21:31","416","Cumberland St & Lafayette Ave","40.68753406","-73.97265183","373","Willoughby Ave & Walworth St","40.69331716","-73.95381995","14894","Subscriber","1977","1"
"1095","2014-01-01 01:13:55","2014-01-01 01:32:10","281","Grand Army Plaza & Central Park S","40.7643971","-73.97371465","72","W 52 St & 11 Ave","40.76727216","-73.99392888","15341","Subscriber","1982","2"
"373","2014-01-01 01:13:56","2014-01-01 01:20:09","479","9 Ave & W 45 St","40.76019252","-73.9912551","513","W 56 St & 10 Ave","40.768254","-73.988639","16717","Customer",\N,"0"
"538","2014-01-01 01:14:15","2014-01-01 01:23:13","401","Allen St & Rivington St","40.72019576","-73.98997825","325","E 19 St & 3 Ave","40.73624527","-73.98473765","14650","Subscriber","1979","1"
"1660","2014-01-01 01:14:20","2014-01-01 01:42:00","281","Grand Army Plaza & Central Park S","40.7643971","-73.97371465","524","W 43 St & 6 Ave","40.75527307","-73.98316936","17356","Customer",\N,"0"
"132123","2014-01-01 01:14:24","2014-01-02 13:56:27","268","Howard St & Centre St","40.71910537","-73.99973337","499","Broadway & W 60 St","40.76915505","-73.98191841","18390","Subscriber","1985","1"
"874","2014-01-01 01:15:45","2014-01-01 01:30:19","346","Bank St & Hudson St","40.73652889","-74.00618026","2021","W 45 St & 8 Ave","40.75929124","-73.98859651","19583","Subscriber","1986","1"
"749","2014-01-01 01:15:52","2014-01-01 01:28:21","2021","W 45 St & 8 Ave","40.75929124","-73.98859651","489","10 Ave & W 28 St","40.75066386","-74.00176802","20216","Subscriber","1966","1"
"715","2014-01-01 01:15:54","2014-01-01 01:27:49","2021","W 45 St & 8 Ave","40.75929124","-73.98859651","489","10 Ave & W 28 St","40.75066386","-74.00176802","14660","Subscriber","1968","1"
"1818","2014-01-01 01:16:05","2014-01-01 01:46:23","441","E 52 St & 2 Ave","40.756014","-73.967416","449","W 52 St & 9 Ave","40.76461837","-73.98789473","16225","Subscriber","1963","1"
"1010","2014-01-01 01:16:24","2014-01-01 01:33:14","267","Broadway & W 36 St","40.75097711","-73.98765428","461","E 20 St & 2 Ave","40.73587678","-73.98205027","20964","Customer",\N,"0"
"331","2014-01-01 01:16:42","2014-01-01 01:22:13","297","E 15 St & 3 Ave","40.734232","-73.986923","326","E 11 St & 1 Ave","40.72953837","-73.98426726","19962","Subscriber","1987","1"
"1052","2014-01-01 01:17:04","2014-01-01 01:34:36","524","W 43 St & 6 Ave","40.75527307","-73.98316936","358","Christopher St & Greenwich St","40.73291553","-74.00711384","15922","Subscriber","1975","1"
"700","2014-01-01 01:17:45","2014-01-01 01:29:25","476","E 31 St & 3 Ave","40.74394314","-73.97966069","394","E 9 St & Avenue C","40.72521311","-73.97768752","15366","Subscriber","1987","1"
"450","2014-01-01 01:18:14","2014-01-01 01:25:44","380","W 4 St & 7 Ave S","40.73401143","-74.00293877","300","Shevchenko Pl & E 6 St","40.728145","-73.990214","15489","Subscriber","1958","1"
"755","2014-01-01 01:18:30","2014-01-01 01:31:05","254","W 11 St & 6 Ave","40.73532427","-73.99800419","428","E 3 St & 1 Ave","40.72467721","-73.98783413","16364","Subscriber","1980","2"
"308","2014-01-01 01:18:30","2014-01-01 01:23:38","229","Great Jones St","40.72743423","-73.99379025","229","Great Jones St","40.72743423","-73.99379025","14796","Subscriber","1976","1"
"717","2014-01-01 01:18:42","2014-01-01 01:30:39","254","W 11 St & 6 Ave","40.73532427","-73.99800419","428","E 3 St & 1 Ave","40.72467721","-73.98783413","16690","Subscriber","1982","1"
"1200","2014-01-01 01:19:46","2014-01-01 01:39:46","311","Norfolk St & Broome St","40.7172274","-73.98802084","369","Washington Pl & 6 Ave","40.73224119","-74.00026394","21075","Customer",\N,"0"
"565","2014-01-01 01:20:18","2014-01-01 01:29:43","428","E 3 St & 1 Ave","40.72467721","-73.98783413","336","Sullivan St & Washington Sq","40.73047747","-73.99906065","18054","Subscriber","1989","1"
"1303","2014-01-01 01:21:01","2014-01-01 01:42:44","319","Park Pl & Church St","40.71336124","-74.00937622","433","E 13 St & Avenue A","40.72955361","-73.98057249","15628","Subscriber","1973","2"
"1264","2014-01-01 01:21:01","2014-01-01 01:42:05","281","Grand Army Plaza & Central Park S","40.7643971","-73.97371465","524","W 43 St & 6 Ave","40.75527307","-73.98316936","17793","Customer",\N,"0"
"142","2014-01-01 01:21:45","2014-01-01 01:24:07","350","Clinton St & Grand St","40.71559509","-73.9870295","291","Madison St & Montgomery St","40.713126","-73.984844","15840","Subscriber","1994","1"
"2669","2014-01-01 01:21:46","2014-01-01 02:06:15","251","Mott St & Prince St","40.72317958","-73.99480012","417","Barclay St & Church St","40.71291224","-74.01020234","21309","Subscriber","1960","1"
"259","2014-01-01 01:21:55","2014-01-01 01:26:14","507","E 25 St & 2 Ave","40.73912601","-73.97973776","237","E 11 St & 2 Ave","40.73047309","-73.98672378","14908","Subscriber","1987","1"
"1444","2014-01-01 01:22:22","2014-01-01 01:46:26","441","E 52 St & 2 Ave","40.756014","-73.967416","449","W 52 St & 9 Ave","40.76461837","-73.98789473","21043","Customer",\N,"0"
"407","2014-01-01 01:22:29","2014-01-01 01:29:16","462","W 22 St & 10 Ave","40.74691959","-74.00451887","521","8 Ave & W 31 St","40.75044999","-73.99481051","17761","Subscriber","1969","2"
"264","2014-01-01 01:22:33","2014-01-01 01:26:57","150","E 2 St & Avenue C","40.7208736","-73.98085795","445","E 10 St & Avenue A","40.72740794","-73.98142006","14951","Subscriber","1989","1"
"1831","2014-01-01 01:23:29","2014-01-01 01:54:00","464","E 56 St & 3 Ave","40.75934501","-73.96759673","422","W 59 St & 10 Ave","40.770513","-73.988038","20071","Subscriber","1982","1"
"582","2014-01-01 01:23:45","2014-01-01 01:33:27","229","Great Jones St","40.72743423","-73.99379025","380","W 4 St & 7 Ave S","40.73401143","-74.00293877","19401","Customer",\N,"0"
"1003","2014-01-01 01:23:48","2014-01-01 01:40:31","440","E 45 St & 3 Ave","40.75255434","-73.97282625","529","W 42 St & 8 Ave","40.7575699","-73.99098507","17438","Subscriber","1964","1"
"795","2014-01-01 01:23:53","2014-01-01 01:37:08","146","Hudson St & Reade St","40.71625008","-74.0091059","146","Hudson St & Reade St","40.71625008","-74.0091059","18154","Subscriber","1981","1"
"303","2014-01-01 01:23:54","2014-01-01 01:28:57","524","W 43 St & 6 Ave","40.75527307","-73.98316936","519","Pershing Square N","40.75188406","-73.97770164","16991","Customer",\N,"0"
"312","2014-01-01 01:24:10","2014-01-01 01:29:22","524","W 43 St & 6 Ave","40.75527307","-73.98316936","519","Pershing Square N","40.75188406","-73.97770164","15706","Customer",\N,"0"
"363","2014-01-01 01:24:19","2014-01-01 01:30:22","521","8 Ave & W 31 St","40.75044999","-73.99481051","334","W 20 St & 7 Ave","40.74238787","-73.99726235","18860","Subscriber","1984","1"
"547","2014-01-01 01:24:22","2014-01-01 01:33:29","229","Great Jones St","40.72743423","-73.99379025","380","W 4 St & 7 Ave S","40.73401143","-74.00293877","17685","Subscriber","1976","1"
"258","2014-01-01 01:24:46","2014-01-01 01:29:04","446","W 24 St & 7 Ave","40.74487634","-73.99529885","462","W 22 St & 10 Ave","40.74691959","-74.00451887","18521","Subscriber","1981","1"
"886","2014-01-01 01:25:04","2014-01-01 01:39:50","2021","W 45 St & 8 Ave","40.75929124","-73.98859651","153","E 40 St & 5 Ave","40.752062307","-73.9816324043","14920","Subscriber","1963","1"
"562","2014-01-01 01:25:36","2014-01-01 01:34:58","258","DeKalb Ave & Vanderbilt Ave","40.68940747","-73.96885458","143","Clinton St & Joralemon St","40.69239502","-73.99337909","15585","Subscriber","1965","1"
"83","2014-01-01 01:26:29","2014-01-01 01:27:52","195","Liberty St & Broadway","40.70905623","-74.01043382","264","Maiden Ln & Pearl St","40.70706456","-74.00731853","17080","Subscriber","1988","1"
"350","2014-01-01 01:26:31","2014-01-01 01:32:21","403","E 2 St & 2 Ave","40.72502876","-73.99069656","150","E 2 St & Avenue C","40.7208736","-73.98085795","16869","Subscriber","1990","1"
"911","2014-01-01 01:27:07","2014-01-01 01:42:18","260","Broad St & Bridge St","40.70365182","-74.01167797","412","Forsyth St & Canal St","40.7158155","-73.99422366","18495","Subscriber","1979","2"
"1355","2014-01-01 01:27:44","2014-01-01 01:50:19","498","Broadway & W 32 St","40.74854862","-73.98808416","164","E 47 St & 2 Ave","40.75323098","-73.97032517","17797","Customer",\N,"0"
"388","2014-01-01 01:28:01","2014-01-01 01:34:29","485","W 37 St & 5 Ave","40.75038009","-73.98338988","488","W 39 St & 9 Ave","40.75645824","-73.99372222","18024","Subscriber","1954","1"
"499","2014-01-01 01:28:24","2014-01-01 01:36:43","358","Christopher St & Greenwich St","40.73291553","-74.00711384","294","Washington Square E","40.73049393","-73.9957214","17676","Subscriber","1964","1"
"143","2014-01-01 01:28:35","2014-01-01 01:30:58","449","W 52 St & 9 Ave","40.76461837","-73.98789473","480","W 53 St & 10 Ave","40.76669671","-73.99061728","20331","Subscriber","1978","1"
"587","2014-01-01 01:28:42","2014-01-01 01:38:29","520","W 52 St & 5 Ave","40.75992262","-73.97648516","350","Clinton St & Grand St","40.71559509","-73.9870295","19409","Subscriber","1968","1"
"267","2014-01-01 01:28:46","2014-01-01 01:33:13","448","W 37 St & 10 Ave","40.75660359","-73.9979009","267","Broadway & W 36 St","40.75097711","-73.98765428","18299","Subscriber","1978","1"
"83","2014-01-01 01:29:17","2014-01-01 01:30:40","319","Park Pl & Church St","40.71336124","-74.00937622","147","Greenwich St & Warren St","40.71542197","-74.01121978","18530","Subscriber","1966","2"
"1435","2014-01-01 01:29:56","2014-01-01 01:53:51","512","W 29 St & 9 Ave","40.7500727","-73.99839279","439","E 4 St & 2 Ave","40.7262807","-73.98978041","16114","Customer",\N,"0"
"624","2014-01-01 01:29:59","2014-01-01 01:40:23","404","9 Ave & W 14 St","40.7405826","-74.00550867","229","Great Jones St","40.72743423","-73.99379025","15263","Subscriber","1956","1"
"160","2014-01-01 01:30:12","2014-01-01 01:32:52","290","2 Ave & E 58 St","40.76020258","-73.96478473","441","E 52 St & 2 Ave","40.756014","-73.967416","20606","Subscriber","1974","1"
"449","2014-01-01 01:30:54","2014-01-01 01:38:23","463","9 Ave & W 16 St","40.74206539","-74.00443172","128","MacDougal St & Prince St","40.72710258","-74.00297088","18125","Subscriber","1981","1"
"904","2014-01-01 01:31:01","2014-01-01 01:46:05","276","Duane St & Greenwich St","40.71748752","-74.0104554","307","Canal St & Rutgers St","40.71427487","-73.98990025","17760","Subscriber","1983","1"
"278","2014-01-01 01:31:15","2014-01-01 01:35:53","263","Elizabeth St & Hester St","40.71729","-73.996375","265","Stanton St & Chrystie St","40.72229346","-73.99147535","21122","Subscriber","1986","1"
"245","2014-01-01 01:31:36","2014-01-01 01:35:41","295","Pike St & E Broadway","40.71406667","-73.99293911","401","Allen St & Rivington St","40.72019576","-73.98997825","16120","Subscriber","1997","1"
"526","2014-01-01 01:32:07","2014-01-01 01:40:53","334","W 20 St & 7 Ave","40.74238787","-73.99726235","488","W 39 St & 9 Ave","40.75645824","-73.99372222","18860","Subscriber","1973","1"
"229","2014-01-01 01:32:11","2014-01-01 01:36:00","402","Broadway & E 22 St","40.7403432","-73.98955109","503","E 20 St & Park Ave","40.73827428","-73.98751968","17028","Subscriber","1987","1"
"956","2014-01-01 01:32:16","2014-01-01 01:48:12","79","Franklin St & W Broadway","40.71911552","-74.00666661","3002","South End Ave & Liberty St","40.711512","-74.015756","16352","Customer",\N,"0"
"384","2014-01-01 01:32:43","2014-01-01 01:39:07","428","E 3 St & 1 Ave","40.72467721","-73.98783413","266","Avenue D & E 8 St","40.72368361","-73.97574813","16690","Subscriber","1963","1"
"393","2014-01-01 01:33:25","2014-01-01 01:39:58","505","6 Ave & W 33 St","40.74901271","-73.98848395","435","W 21 St & 6 Ave","40.74173969","-73.99415556","17512","Subscriber","1967","1"
"367","2014-01-01 01:33:32","2014-01-01 01:39:39","151","Cleveland Pl & Spring St","40.7218158","-73.99720307","293","Lafayette St & E 8 St","40.73028666","-73.9907647","21158","Subscriber","1977","1"
"253","2014-01-01 01:34:12","2014-01-01 01:38:25","311","Norfolk St & Broome St","40.7172274","-73.98802084","502","Henry St & Grand St","40.714215","-73.981346","18095","Subscriber","1948","1"
"527","2014-01-01 01:34:21","2014-01-01 01:43:08","499","Broadway & W 60 St","40.76915505","-73.98191841","385","E 55 St & 2 Ave","40.75797322","-73.96603308","15897","Subscriber","1971","1"
"236","2014-01-01 01:34:31","2014-01-01 01:38:27","311","Norfolk St & Broome St","40.7172274","-73.98802084","502","Henry St & Grand St","40.714215","-73.981346","16271","Subscriber","1949","2"
"706","2014-01-01 01:34:35","2014-01-01 01:46:21","335","Washington Pl & Broadway","40.72903917","-73.99404649","355","Bayard St & Baxter St","40.71602118","-73.99974372","17837","Subscriber","1990","1"
"296","2014-01-01 01:35:05","2014-01-01 01:40:01","470","W 20 St & 8 Ave","40.74345335","-74.00004031","489","10 Ave & W 28 St","40.75066386","-74.00176802","20742","Subscriber","1957","1"
"420","2014-01-01 01:35:36","2014-01-01 01:42:36","294","Washington Square E","40.73049393","-73.9957214","312","Allen St & E Houston St","40.722055","-73.989111","14733","Subscriber","1983","1"
"758","2014-01-01 01:35:49","2014-01-01 01:48:27","504","1 Ave & E 15 St","40.73221853","-73.98165557","358","Christopher St & Greenwich St","40.73291553","-74.00711384","14880","Subscriber","1974","1"
"761","2014-01-01 01:35:50","2014-01-01 01:48:31","504","1 Ave & E 15 St","40.73221853","-73.98165557","358","Christopher St & Greenwich St","40.73291553","-74.00711384","20821","Subscriber","1967","1"
"716","2014-01-01 01:35:50","2014-01-01 01:47:46","79","Franklin St & W Broadway","40.71911552","-74.00666661","3002","South End Ave & Liberty St","40.711512","-74.015756","18511","Customer",\N,"0"
"376","2014-01-01 01:36:05","2014-01-01 01:42:21","416","Cumberland St & Lafayette Ave","40.68753406","-73.97265183","244","Willoughby Ave & Hall St","40.69196035","-73.96536851","18342","Subscriber","1969","2"
"584","2014-01-01 01:36:18","2014-01-01 01:46:02","128","MacDougal St & Prince St","40.72710258","-74.00297088","382","University Pl & E 14 St","40.73492695","-73.99200509","20372","Subscriber","1969","2"
"570","2014-01-01 01:36:25","2014-01-01 01:45:55","128","MacDougal St & Prince St","40.72710258","-74.00297088","382","University Pl & E 14 St","40.73492695","-73.99200509","16928","Subscriber","1968","1"
"2463","2014-01-01 01:36:39","2014-01-01 02:17:42","503","E 20 St & Park Ave","40.73827428","-73.98751968","270","Adelphi St & Myrtle Ave","40.69308257","-73.97178913","17326","Subscriber","1987","1"
"595","2014-01-01 01:36:41","2014-01-01 01:46:36","432","E 7 St & Avenue A","40.72621788","-73.98379855","254","W 11 St & 6 Ave","40.73532427","-73.99800419","18312","Subscriber","1970","1"
"609","2014-01-01 01:36:54","2014-01-01 01:47:03","161","LaGuardia Pl & W 3 St","40.72917025","-73.99810231","161","LaGuardia Pl & W 3 St","40.72917025","-73.99810231","17755","Subscriber","1996","1"
"833","2014-01-01 01:37:08","2014-01-01 01:51:01","489","10 Ave & W 28 St","40.75066386","-74.00176802","540","Lexington Ave & E 26 St","40.74147286","-73.98320928","16756","Subscriber","1975","1"
"727","2014-01-01 01:37:27","2014-01-01 01:49:34","486","Broadway & W 29 St","40.7462009","-73.98855723","518","E 39 St & 2 Ave","40.74780373","-73.9734419","16940","Subscriber","1991","1"
"101","2014-01-01 01:38:31","2014-01-01 01:40:12","368","Carmine St & 6 Ave","40.73038599","-74.00214988","368","Carmine St & 6 Ave","40.73038599","-74.00214988","16500","Subscriber","1982","1"
"413","2014-01-01 01:39:33","2014-01-01 01:46:26","284","Greenwich Ave & 8 Ave","40.7390169121","-74.0026376103","83","Atlantic Ave & Fort Greene Pl","40.68382604","-73.97632328","16962","Subscriber","1963","1"
"422","2014-01-01 01:39:54","2014-01-01 01:46:56","403","E 2 St & 2 Ave","40.72502876","-73.99069656","263","Elizabeth St & Hester St","40.71729","-73.996375","15327","Subscriber","1981","1"
"388","2014-01-01 01:39:55","2014-01-01 01:46:23","284","Greenwich Ave & 8 Ave","40.7390169121","-74.0026376103","494","W 26 St & 8 Ave","40.74734825","-73.99723551","17417","Subscriber","1965","1"
"338","2014-01-01 01:40:47","2014-01-01 01:46:25","442","W 27 St & 7 Ave","40.746647","-73.993915","402","Broadway & E 22 St","40.7403432","-73.98955109","16533","Subscriber","1975","1"
"279","2014-01-01 01:40:54","2014-01-01 01:45:33","442","W 27 St & 7 Ave","40.746647","-73.993915","482","W 15 St & 7 Ave","40.73935542","-73.99931783","19545","Subscriber","1960","1"
"809","2014-01-01 01:41:17","2014-01-01 01:54:46","168","W 18 St & 6 Ave","40.73971301","-73.99456405","488","W 39 St & 9 Ave","40.75645824","-73.99372222","20611","Subscriber","1964","1"
"295","2014-01-01 01:41:17","2014-01-01 01:46:12","433","E 13 St & Avenue A","40.72955361","-73.98057249","339","Avenue D & E 12 St","40.72580614","-73.97422494","18058","Subscriber","1987","1"
"368","2014-01-01 01:41:18","2014-01-01 01:47:26","284","Greenwich Ave & 8 Ave","40.7390169121","-74.0026376103","334","W 20 St & 7 Ave","40.74238787","-73.99726235","20212","Subscriber","1951","1"
"630","2014-01-01 01:41:19","2014-01-01 01:51:49","146","Hudson St & Reade St","40.71625008","-74.0091059","2009","Catherine St & Monroe St","40.71117444","-73.99682619","18154","Subscriber","1981","1"
"270","2014-01-01 01:41:21","2014-01-01 01:45:51","323","Lawrence St & Willoughby St","40.69236178","-73.98631746","483","E 12 St & 3 Ave","40.73223272","-73.98889957","17571","Subscriber","1980","1"
"100","2014-01-01 01:41:26","2014-01-01 01:43:06","509","9 Ave & W 22 St","40.7454973","-74.00197139","453","W 22 St & 8 Ave","40.74475148","-73.99915362","16618","Subscriber","1968","1"
"331","2014-01-01 01:41:33","2014-01-01 01:47:04","284","Greenwich Ave & 8 Ave","40.7390169121","-74.0026376103","334","W 20 St & 7 Ave","40.74238787","-73.99726235","19844","Subscriber","1960","1"
"293","2014-01-01 01:41:34","2014-01-01 01:46:27","489","10 Ave & W 28 St","40.75066386","-74.00176802","442","W 27 St & 7 Ave","40.746647","-73.993915","20742","Subscriber","1967","1"
"357","2014-01-01 01:41:42","2014-01-01 01:47:39","379","W 31 St & 7 Ave","40.749156","-73.9916","537","Lexington Ave & E 24 St","40.74025878","-73.98409214","20197","Subscriber","1981","1"
"395","2014-01-01 01:41:42","2014-01-01 01:48:17","420","Clermont Ave & Lafayette Ave","40.68764484","-73.96968902","344","Monroe St & Bedford Ave","40.6851443","-73.95380904","15702","Customer",\N,"0"
"1191","2014-01-01 01:41:55","2014-01-01 02:01:46","528","2 Ave & E 31 St","40.74290902","-73.97706058","529","W 42 St & 8 Ave","40.7575699","-73.99098507","20145","Subscriber","1980","1"
"1101","2014-01-01 01:42:31","2014-01-01 02:00:52","463","9 Ave & W 16 St","40.74206539","-74.00443172","228","E 48 St & 3 Ave","40.7546011026","-73.971878855","15972","Subscriber","1991","1"
"1540","2014-01-01 01:42:36","2014-01-01 02:08:16","388","W 26 St & 10 Ave","40.749717753","-74.002950346","499","Broadway & W 60 St","40.76915505","-73.98191841","18661","Subscriber","1957","1"
"2024","2014-01-01 01:42:38","2014-01-01 02:16:22","485","W 37 St & 5 Ave","40.75038009","-73.98338988","251","Mott St & Prince St","40.72317958","-73.99480012","16202","Customer",\N,"0"
"895","2014-01-01 01:42:39","2014-01-01 01:57:34","498","Broadway & W 32 St","40.74854862","-73.98808416","300","Shevchenko Pl & E 6 St","40.728145","-73.990214","18829","Subscriber","1972","1"
"397","2014-01-01 01:42:46","2014-01-01 01:49:23","483","E 12 St & 3 Ave","40.73223272","-73.98889957","511","E 14 St & Avenue B","40.72938685","-73.97772429","17818","Subscriber","1976","1"
"1148","2014-01-01 01:43:12","2014-01-01 02:02:20","453","W 22 St & 8 Ave","40.74475148","-73.99915362","137","E 56 St & Madison Ave","40.761628","-73.972924","15411","Subscriber","1968","1"
"536","2014-01-01 01:43:22","2014-01-01 01:52:18","373","Willoughby Ave & Walworth St","40.69331716","-73.95381995","282","Kent Ave & S 11 St","40.70827295","-73.96834101","17725","Subscriber","1962","2"
"238","2014-01-01 01:43:52","2014-01-01 01:47:50","312","Allen St & E Houston St","40.722055","-73.989111","531","Forsyth St & Broome St","40.71893904","-73.99266288","15258","Subscriber","1988","1"
"752","2014-01-01 01:43:57","2014-01-01 01:56:29","540","Lexington Ave & E 26 St","40.74147286","-73.98320928","439","E 4 St & 2 Ave","40.7262807","-73.98978041","17418","Subscriber","1988","1"
"381","2014-01-01 01:43:59","2014-01-01 01:50:20","236","St Marks Pl & 2 Ave","40.7284186","-73.98713956","411","E 6 St & Avenue D","40.72228087","-73.97668709","17271","Subscriber","1982","1"
"265","2014-01-01 01:44:12","2014-01-01 01:48:37","358","Christopher St & Greenwich St","40.73291553","-74.00711384","405","Washington St & Gansevoort St","40.739323","-74.008119","15922","Subscriber","1982","1"
"480","2014-01-01 01:44:35","2014-01-01 01:52:35","212","W 16 St & The High Line","40.74334935","-74.00681753","223","W 13 St & 7 Ave","40.73781509","-73.99994661","20542","Subscriber","1984","2"
"1000","2014-01-01 01:44:38","2014-01-01 02:01:18","326","E 11 St & 1 Ave","40.72953837","-73.98426726","368","Carmine St & 6 Ave","40.73038599","-74.00214988","20206","Subscriber","1988","1"
"2456","2014-01-01 01:44:47","2014-01-01 02:25:43","524","W 43 St & 6 Ave","40.75527307","-73.98316936","153","E 40 St & 5 Ave","40.752062307","-73.9816324043","17793","Customer",\N,"0"
"2388","2014-01-01 01:45:52","2014-01-01 02:25:40","524","W 43 St & 6 Ave","40.75527307","-73.98316936","153","E 40 St & 5 Ave","40.752062307","-73.9816324043","17356","Customer",\N,"0"
"353","2014-01-01 01:45:54","2014-01-01 01:51:47","464","E 56 St & 3 Ave","40.75934501","-73.96759673","516","E 47 St & 1 Ave","40.75206862","-73.96784384","17597","Subscriber","1983","1"
"902","2014-01-01 01:46:23","2014-01-01 02:01:25","128","MacDougal St & Prince St","40.72710258","-74.00297088","433","E 13 St & Avenue A","40.72955361","-73.98057249","20536","Subscriber","1985","1"
"960","2014-01-01 01:46:34","2014-01-01 02:02:34","470","W 20 St & 8 Ave","40.74345335","-74.00004031","432","E 7 St & Avenue A","40.72621788","-73.98379855","19891","Subscriber","1964","1"
"795","2014-01-01 01:46:43","2014-01-01 01:59:58","497","E 17 St & Broadway","40.73704984","-73.99009296","352","W 56 St & 6 Ave","40.76340613","-73.97722479","21040","Subscriber","1973","1"
"1138","2014-01-01 01:46:46","2014-01-01 02:05:44","212","W 16 St & The High Line","40.74334935","-74.00681753","503","E 20 St & Park Ave","40.73827428","-73.98751968","19224","Subscriber","1991","2"
"601","2014-01-01 01:46:47","2014-01-01 01:56:48","375","Mercer St & Bleecker St","40.72679454","-73.99695094","350","Clinton St & Grand St","40.71559509","-73.9870295","16346","Subscriber","1996","1"
"970","2014-01-01 01:48:31","2014-01-01 02:04:41","467","Dean St & 4 Ave","40.68312489","-73.97895137","436","Hancock St & Bedford Ave","40.68216564","-73.95399026","19029","Subscriber","1977","1"
"273","2014-01-01 01:48:59","2014-01-01 01:53:32","297","E 15 St & 3 Ave","40.734232","-73.986923","280","E 10 St & 5 Ave","40.73331967","-73.99510132","16624","Subscriber","1956","1"
"273","2014-01-01 01:49:23","2014-01-01 01:53:56","505","6 Ave & W 33 St","40.74901271","-73.98848395","472","E 32 St & Park Ave","40.7457121","-73.98194829","18240","Subscriber","1989","1"
"739","2014-01-01 01:49:29","2014-01-01 02:01:48","428","E 3 St & 1 Ave","40.72467721","-73.98783413","461","E 20 St & 2 Ave","40.73587678","-73.98205027","19392","Subscriber","1975","1"
"735","2014-01-01 01:49:30","2014-01-01 02:01:45","428","E 3 St & 1 Ave","40.72467721","-73.98783413","461","E 20 St & 2 Ave","40.73587678","-73.98205027","16364","Subscriber","1969","2"
"376","2014-01-01 01:49:40","2014-01-01 01:55:56","356","Bialystoker Pl & Delancey St","40.71622644","-73.98261206","428","E 3 St & 1 Ave","40.72467721","-73.98783413","18134","Subscriber","1985","1"
"417","2014-01-01 01:50:14","2014-01-01 01:57:11","495","W 47 St & 10 Ave","40.76269882","-73.99301222","524","W 43 St & 6 Ave","40.75527307","-73.98316936","20870","Subscriber","1969","2"
"469","2014-01-01 01:50:21","2014-01-01 01:58:10","342","Columbia St & Rivington St","40.71739973","-73.98016555","511","E 14 St & Avenue B","40.72938685","-73.97772429","20662","Subscriber","1962","1"
"197","2014-01-01 01:50:47","2014-01-01 01:54:04","499","Broadway & W 60 St","40.76915505","-73.98191841","422","W 59 St & 10 Ave","40.770513","-73.988038","15343","Subscriber","1974","1"
"329","2014-01-01 01:50:56","2014-01-01 01:56:25","403","E 2 St & 2 Ave","40.72502876","-73.99069656","393","E 5 St & Avenue C","40.72299208","-73.97995466","21183","Subscriber","1984","1"
"276","2014-01-01 01:51:04","2014-01-01 01:55:40","388","W 26 St & 10 Ave","40.749717753","-74.002950346","521","8 Ave & W 31 St","40.75044999","-73.99481051","15404","Subscriber","1956","1"
"311","2014-01-01 01:51:31","2014-01-01 01:56:42","410","Suffolk St & Stanton St","40.72066442","-73.98517977","473","Rivington St & Chrystie St","40.72110063","-73.9919254","16517","Subscriber","1978","1"
"882","2014-01-01 01:51:46","2014-01-01 02:06:28","458","11 Ave & W 27 St","40.751396","-74.005226","404","9 Ave & W 14 St","40.7405826","-74.00550867","21062","Subscriber","1982","1"
"356","2014-01-01 01:52:00","2014-01-01 01:57:56","375","Mercer St & Bleecker St","40.72679454","-73.99695094","253","W 13 St & 5 Ave","40.73543934","-73.99453948","18471","Subscriber","1989","1"
"282","2014-01-01 01:52:35","2014-01-01 01:57:17","294","Washington Square E","40.73049393","-73.9957214","345","W 13 St & 6 Ave","40.73649403","-73.99704374","17288","Subscriber","1959","1"
"665","2014-01-01 01:52:59","2014-01-01 02:04:04","528","2 Ave & E 31 St","40.74290902","-73.97706058","382","University Pl & E 14 St","40.73492695","-73.99200509","21117","Subscriber","1980","1"
"1084","2014-01-01 01:53:03","2014-01-01 02:11:07","282","Kent Ave & S 11 St","40.70827295","-73.96834101","271","Ashland Pl & Hanson Pl","40.68528172","-73.97805813","15452","Subscriber","1968","1"
"1444","2014-01-01 01:53:07","2014-01-01 02:17:11","225","W 14 St & The High Line","40.74195138","-74.00803013","447","8 Ave & W 52 St","40.76370739","-73.9851615","19966","Customer",\N,"0"
"627","2014-01-01 01:53:29","2014-01-01 02:03:56","250","Lafayette St & Jersey St","40.72456089","-73.99565293","296","Division St & Bowery","40.71413089","-73.9970468","17486","Subscriber","1987","2"
"626","2014-01-01 01:53:32","2014-01-01 02:03:58","323","Lawrence St & Willoughby St","40.69236178","-73.98631746","296","Division St & Bowery","40.71413089","-73.9970468","18647","Subscriber","1984","1"
"908","2014-01-01 01:53:46","2014-01-01 02:08:54","2004","6 Ave & Broome St","40.724399","-74.004704","301","E 2 St & Avenue B","40.72217444","-73.98368779","15264","Subscriber","1982","2"
"411","2014-01-01 01:53:59","2014-01-01 02:00:50","504","1 Ave & E 15 St","40.73221853","-73.98165557","150","E 2 St & Avenue C","40.7208736","-73.98085795","15176","Subscriber","1981","1"
"331","2014-01-01 01:54:53","2014-01-01 02:00:24","474","5 Ave & E 29 St","40.7451677","-73.98683077","528","2 Ave & E 31 St","40.74290902","-73.97706058","14858","Subscriber","1988","1"
"996","2014-01-01 01:54:55","2014-01-01 02:11:31","317","E 6 St & Avenue B","40.72453734","-73.98185424","252","MacDougal St & Washington Sq","40.73226398","-73.99852205","20815","Subscriber","1966","1"
"814","2014-01-01 01:55:10","2014-01-01 02:08:44","499","Broadway & W 60 St","40.76915505","-73.98191841","385","E 55 St & 2 Ave","40.75797322","-73.96603308","15421","Subscriber","1951","1"
"931","2014-01-01 01:55:57","2014-01-01 02:11:28","317","E 6 St & Avenue B","40.72453734","-73.98185424","252","MacDougal St & Washington Sq","40.73226398","-73.99852205","14633","Subscriber","1971","2"
"555","2014-01-01 01:56:28","2014-01-01 02:05:43","128","MacDougal St & Prince St","40.72710258","-74.00297088","356","Bialystoker Pl & Delancey St","40.71622644","-73.98261206","20156","Subscriber","1975","1"
"1452","2014-01-01 01:57:10","2014-01-01 02:21:22","346","Bank St & Hudson St","40.73652889","-74.00618026","515","W 43 St & 10 Ave","40.76009437","-73.99461843","19971","Subscriber","1955","1"
"1381","2014-01-01 01:57:24","2014-01-01 02:20:25","511","E 14 St & Avenue B","40.72938685","-73.97772429","478","11 Ave & W 41 St","40.76030096","-73.99884222","17818","Subscriber","1979","1"
"192","2014-01-01 01:57:35","2014-01-01 02:00:47","435","W 21 St & 6 Ave","40.74173969","-73.99415556","482","W 15 St & 7 Ave","40.73935542","-73.99931783","16275","Subscriber","1963","1"
"638","2014-01-01 01:58:05","2014-01-01 02:08:43","540","Lexington Ave & E 26 St","40.74147286","-73.98320928","223","W 13 St & 7 Ave","40.73781509","-73.99994661","16733","Subscriber","1981","1"
"428","2014-01-01 01:58:06","2014-01-01 02:05:14","312","Allen St & E Houston St","40.722055","-73.989111","293","Lafayette St & E 8 St","40.73028666","-73.9907647","20027","Subscriber","1970","1"
"634","2014-01-01 01:58:44","2014-01-01 02:09:18","284","Greenwich Ave & 8 Ave","40.7390169121","-74.0026376103","445","E 10 St & Avenue A","40.72740794","-73.98142006","15503","Subscriber","1965","1"
"131","2014-01-01 01:59:07","2014-01-01 02:01:18","294","Washington Square E","40.73049393","-73.9957214","280","E 10 St & 5 Ave","40.73331967","-73.99510132","16836","Subscriber","1962","2"
"231","2014-01-01 01:59:27","2014-01-01 02:03:18","504","1 Ave & E 15 St","40.73221853","-73.98165557","297","E 15 St & 3 Ave","40.734232","-73.986923","17582","Subscriber","1958","1"
"552","2014-01-01 01:59:38","2014-01-01 02:08:50","345","W 13 St & 6 Ave","40.73649403","-73.99704374","450","W 49 St & 8 Ave","40.76227205","-73.98788205","17288","Subscriber","1970","1"
"570","2014-01-01 01:59:47","2014-01-01 02:09:17","151","Cleveland Pl & Spring St","40.7218158","-73.99720307","224","Spruce St & Nassau St","40.71146364","-74.00552427","17908","Subscriber","1975","2"
"360","2014-01-01 02:01:08","2014-01-01 02:07:08","475","E 16 St & Irving Pl","40.73524276","-73.98758561","237","E 11 St & 2 Ave","40.73047309","-73.98672378","20791","Subscriber","1982","2"
"69","2014-01-01 02:01:11","2014-01-01 02:02:20","528","2 Ave & E 31 St","40.74290902","-73.97706058","527","E 33 St & 1 Ave","40.74315566","-73.97434726","21159","Subscriber","1988","1"
"245","2014-01-01 02:01:50","2014-01-01 02:05:55","239","Willoughby St & Fleet St","40.69196566","-73.9813018","270","Adelphi St & Myrtle Ave","40.69308257","-73.97178913","19960","Subscriber","1978","1"
"743","2014-01-01 02:03:17","2014-01-01 02:15:40","323","Lawrence St & Willoughby St","40.69236178","-73.98631746","334","W 20 St & 7 Ave","40.74238787","-73.99726235","16217","Subscriber","1984","1"
"316","2014-01-01 02:03:21","2014-01-01 02:08:37","446","W 24 St & 7 Ave","40.74487634","-73.99529885","489","10 Ave & W 28 St","40.75066386","-74.00176802","21196","Subscriber","1979","1"
"305","2014-01-01 02:03:27","2014-01-01 02:08:32","146","Hudson St & Reade St","40.71625008","-74.0091059","3002","South End Ave & Liberty St","40.711512","-74.015756","17532","Subscriber","1986","1"
"256","2014-01-01 02:03:33","2014-01-01 02:07:49","324","DeKalb Ave & Hudson Ave","40.689888","-73.981013","416","Cumberland St & Lafayette Ave","40.68753406","-73.97265183","16136","Subscriber","1981","2"
"390","2014-01-01 02:03:38","2014-01-01 02:10:08","137","E 56 St & Madison Ave","40.761628","-73.972924","441","E 52 St & 2 Ave","40.756014","-73.967416","19909","Subscriber","1983","1"
"398","2014-01-01 02:03:39","2014-01-01 02:10:17","518","E 39 St & 2 Ave","40.74780373","-73.9734419","507","E 25 St & 2 Ave","40.73912601","-73.97973776","15116","Subscriber","1987","1"
"178","2014-01-01 02:04:35","2014-01-01 02:07:33","377","6 Ave & Canal St","40.72243797","-74.00566443","377","6 Ave & Canal St","40.72243797","-74.00566443","18789","Subscriber","1988","1"
"626","2014-01-01 02:04:44","2014-01-01 02:15:10","249","Harrison St & Hudson St","40.71870987","-74.0090009","401","Allen St & Rivington St","40.72019576","-73.98997825","19197","Subscriber","1984","1"
"1274","2014-01-01 02:05:53","2014-01-01 02:27:07","511","E 14 St & Avenue B","40.72938685","-73.97772429","236","St Marks Pl & 2 Ave","40.7284186","-73.98713956","21068","Subscriber","1985","1"
"881","2014-01-01 02:06:22","2014-01-01 02:21:03","466","W 25 St & 6 Ave","40.74395411","-73.99144871","455","1 Ave & E 44 St","40.75001986","-73.96905301","17180","Subscriber","1971","1"
"648","2014-01-01 02:07:26","2014-01-01 02:18:14","504","1 Ave & E 15 St","40.73221853","-73.98165557","312","Allen St & E Houston St","40.722055","-73.989111","19215","Subscriber","1977","1"
"261","2014-01-01 02:08:04","2014-01-01 02:12:25","382","University Pl & E 14 St","40.73492695","-73.99200509","503","E 20 St & Park Ave","40.73827428","-73.98751968","15073","Subscriber","1980","1"
"1405","2014-01-01 02:08:11","2014-01-01 02:31:36","251","Mott St & Prince St","40.72317958","-73.99480012","533","Broadway & W 39 St","40.75299641","-73.98721619","20746","Subscriber","1978","1"
"331","2014-01-01 02:08:23","2014-01-01 02:13:54","293","Lafayette St & E 8 St","40.73028666","-73.9907647","380","W 4 St & 7 Ave S","40.73401143","-74.00293877","20027","Subscriber","1979","1"
"149","2014-01-01 02:08:44","2014-01-01 02:11:13","503","E 20 St & Park Ave","40.73827428","-73.98751968","461","E 20 St & 2 Ave","40.73587678","-73.98205027","19816","Subscriber","1962","1"
"823","2014-01-01 02:09:24","2014-01-01 02:23:07","2002","Wythe Ave & Metropolitan Ave","40.716887","-73.963198","270","Adelphi St & Myrtle Ave","40.69308257","-73.97178913","18735","Subscriber","1988","1"
"813","2014-01-01 02:09:42","2014-01-01 02:23:15","157","Henry St & Atlantic Ave","40.69089272","-73.99612349","353","S Portland Ave & Hanson Pl","40.68539567","-73.97431458","15735","Subscriber","1982","2"
"178","2014-01-01 02:09:46","2014-01-01 02:12:44","439","E 4 St & 2 Ave","40.7262807","-73.98978041","439","E 4 St & 2 Ave","40.7262807","-73.98978041","19574","Subscriber","1986","2"
"95","2014-01-01 02:10:50","2014-01-01 02:12:25","439","E 4 St & 2 Ave","40.7262807","-73.98978041","439","E 4 St & 2 Ave","40.7262807","-73.98978041","15978","Subscriber","1985","1"
"576","2014-01-01 02:11:02","2014-01-01 02:20:38","453","W 22 St & 8 Ave","40.74475148","-73.99915362","479","9 Ave & W 45 St","40.76019252","-73.9912551","15939","Subscriber","1978","1"
"1054","2014-01-01 02:11:18","2014-01-01 02:28:52","265","Stanton St & Chrystie St","40.72229346","-73.99147535","432","E 7 St & Avenue A","40.72621788","-73.98379855","19344","Customer",\N,"0"
"541","2014-01-01 02:11:19","2014-01-01 02:20:20","153","E 40 St & 5 Ave","40.752062307","-73.9816324043","281","Grand Army Plaza & Central Park S","40.7643971","-73.97371465","14920","Subscriber","1975","1"
"565","2014-01-01 02:11:19","2014-01-01 02:20:44","153","E 40 St & 5 Ave","40.752062307","-73.9816324043","281","Grand Army Plaza & Central Park S","40.7643971","-73.97371465","17510","Subscriber","1974","2"
"782","2014-01-01 02:12:19","2014-01-01 02:25:21","345","W 13 St & 6 Ave","40.73649403","-73.99704374","529","W 42 St & 8 Ave","40.7575699","-73.99098507","17604","Subscriber","1959","1"
"655","2014-01-01 02:12:40","2014-01-01 02:23:35","310","State St & Smith St","40.68926942","-73.98912867","353","S Portland Ave & Hanson Pl","40.68539567","-73.97431458","18659","Subscriber","1995","1"
"656","2014-01-01 02:12:44","2014-01-01 02:23:40","439","E 4 St & 2 Ave","40.7262807","-73.98978041","511","E 14 St & Avenue B","40.72938685","-73.97772429","19567","Subscriber","1988","1"
"608","2014-01-01 02:13:15","2014-01-01 02:23:23","446","W 24 St & 7 Ave","40.74487634","-73.99529885","485","W 37 St & 5 Ave","40.75038009","-73.98338988","16111","Subscriber","1974","1"
"933","2014-01-01 02:13:24","2014-01-01 02:28:57","310","State St & Smith St","40.68926942","-73.98912867","399","Lafayette Ave & St James Pl","40.68851534","-73.9647628","16978","Subscriber","1995","1"
"317","2014-01-01 02:13:24","2014-01-01 02:18:41","285","Broadway & E 14 St","40.73454567","-73.99074142","229","Great Jones St","40.72743423","-73.99379025","15565","Subscriber","1956","2"
"528","2014-01-01 02:13:37","2014-01-01 02:22:25","330","Reade St & Broadway","40.71450451","-74.00562789","268","Howard St & Centre St","40.71910537","-73.99973337","20123","Subscriber","1991","1"
"1645","2014-01-01 02:13:44","2014-01-01 02:41:09","407","Henry St & Poplar St","40.700469","-73.991454","396","Lefferts Pl & Franklin Ave","40.680342423","-73.9557689392","16754","Subscriber","1987","1"
"836","2014-01-01 02:13:46","2014-01-01 02:27:42","449","W 52 St & 9 Ave","40.76461837","-73.98789473","453","W 22 St & 8 Ave","40.74475148","-73.99915362","14801","Subscriber","1985","1"
"1014","2014-01-01 02:13:47","2014-01-01 02:30:41","403","E 2 St & 2 Ave","40.72502876","-73.99069656","228","E 48 St & 3 Ave","40.7546011026","-73.971878855","19444","Subscriber","1986","1"
"583","2014-01-01 02:15:19","2014-01-01 02:25:02","503","E 20 St & Park Ave","40.73827428","-73.98751968","492","W 33 St & 7 Ave","40.75019995","-73.99093085","18280","Subscriber","1966","1"
"572","2014-01-01 02:15:57","2014-01-01 02:25:29","281","Grand Army Plaza & Central Park S","40.7643971","-73.97371465","2021","W 45 St & 8 Ave","40.75929124","-73.98859651","18975","Subscriber","1975","1"
"113","2014-01-01 02:16:04","2014-01-01 02:17:57","224","Spruce St & Nassau St","40.71146364","-74.00552427","306","Cliff St & Fulton St","40.70823502","-74.00530063","15544","Subscriber","1967","1"
"1361","2014-01-01 02:16:04","2014-01-01 02:38:45","537","Lexington Ave & E 24 St","40.74025878","-73.98409214","447","8 Ave & W 52 St","40.76370739","-73.9851615","15422","Subscriber","1979","1"
"614","2014-01-01 02:16:48","2014-01-01 02:27:02","520","W 52 St & 5 Ave","40.75992262","-73.97648516","2021","W 45 St & 8 Ave","40.75929124","-73.98859651","17646","Subscriber","1963","1"
"1420","2014-01-01 02:16:49","2014-01-01 02:40:29","307","Canal St & Rutgers St","40.71427487","-73.98990025","291","Madison St & Montgomery St","40.713126","-73.984844","20808","Subscriber","1989","1"
"1049","2014-01-01 02:16:54","2014-01-01 02:34:23","521","8 Ave & W 31 St","40.75044999","-73.99481051","504","1 Ave & E 15 St","40.73221853","-73.98165557","15404","Customer",\N,"0"
"522","2014-01-01 02:17:43","2014-01-01 02:26:25","251","Mott St & Prince St","40.72317958","-73.99480012","504","1 Ave & E 15 St","40.73221853","-73.98165557","19034","Subscriber","1984","1"
"886","2014-01-01 02:18:25","2014-01-01 02:33:11","532","S 5 Pl & S 4 St","40.710451","-73.960876","266","Avenue D & E 8 St","40.72368361","-73.97574813","19190","Subscriber","1982","1"
"626","2014-01-01 02:18:26","2014-01-01 02:28:52","497","E 17 St & Broadway","40.73704984","-73.99009296","434","9 Ave & W 18 St","40.74317449","-74.00366443","20352","Subscriber","1975","1"
"541","2014-01-01 02:18:49","2014-01-01 02:27:50","252","MacDougal St & Washington Sq","40.73226398","-73.99852205","358","Christopher St & Greenwich St","40.73291553","-74.00711384","17025","Subscriber","1969","1"
"169","2014-01-01 02:18:52","2014-01-01 02:21:41","369","Washington Pl & 6 Ave","40.73224119","-74.00026394","294","Washington Square E","40.73049393","-73.9957214","21099","Subscriber","1977","1"
"252","2014-01-01 02:18:57","2014-01-01 02:23:09","128","MacDougal St & Prince St","40.72710258","-74.00297088","151","Cleveland Pl & Spring St","40.7218158","-73.99720307","14946","Subscriber","1981","1"
"473","2014-01-01 02:19:02","2014-01-01 02:26:55","324","DeKalb Ave & Hudson Ave","40.689888","-73.981013","364","Lafayette Ave & Classon Ave","40.68900443","-73.96023854","19762","Subscriber","1969","1"
"462","2014-01-01 02:19:16","2014-01-01 02:26:58","479","9 Ave & W 45 St","40.76019252","-73.9912551","533","Broadway & W 39 St","40.75299641","-73.98721619","17341","Subscriber","1979","1"
"580","2014-01-01 02:21:10","2014-01-01 02:30:50","253","W 13 St & 5 Ave","40.73543934","-73.99453948","377","6 Ave & Canal St","40.72243797","-74.00566443","21022","Subscriber","1964","1"
"410","2014-01-01 02:21:26","2014-01-01 02:28:16","486","Broadway & W 29 St","40.7462009","-73.98855723","476","E 31 St & 3 Ave","40.74394314","-73.97966069","16463","Subscriber","1985","1"
"922","2014-01-01 02:21:45","2014-01-01 02:37:07","271","Ashland Pl & Hanson Pl","40.68528172","-73.97805813","373","Willoughby Ave & Walworth St","40.69331716","-73.95381995","16606","Subscriber","1981","2"
"315","2014-01-01 02:21:46","2014-01-01 02:27:01","229","Great Jones St","40.72743423","-73.99379025","252","MacDougal St & Washington Sq","40.73226398","-73.99852205","14796","Subscriber","1954","1"
"185","2014-01-01 02:21:50","2014-01-01 02:24:55","435","W 21 St & 6 Ave","40.74173969","-73.99415556","402","Broadway & E 22 St","40.7403432","-73.98955109","18298","Subscriber","1985","1"
"208","2014-01-01 02:22:11","2014-01-01 02:25:39","271","Ashland Pl & Hanson Pl","40.68528172","-73.97805813","420","Clermont Ave & Lafayette Ave","40.68764484","-73.96968902","15452","Subscriber","1984","1"
"711","2014-01-01 02:22:11","2014-01-01 02:34:02","470","W 20 St & 8 Ave","40.74345335","-74.00004031","358","Christopher St & Greenwich St","40.73291553","-74.00711384","15128","Subscriber","1986","1"
"320","2014-01-01 02:22:19","2014-01-01 02:27:39","229","Great Jones St","40.72743423","-73.99379025","380","W 4 St & 7 Ave S","40.73401143","-74.00293877","16892","Subscriber","1985","1"
"148","2014-01-01 02:22:26","2014-01-01 02:24:54","223","W 13 St & 7 Ave","40.73781509","-73.99994661","254","W 11 St & 6 Ave","40.73532427","-73.99800419","20865","Subscriber","1983","1"
"291","2014-01-01 02:22:53","2014-01-01 02:27:44","533","Broadway & W 39 St","40.75299641","-73.98721619","469","Broadway & W 53 St","40.76344058","-73.98268129","18656","Subscriber","1966","1"
"936","2014-01-01 02:24:50","2014-01-01 02:40:26","388","W 26 St & 10 Ave","40.749717753","-74.002950346","480","W 53 St & 10 Ave","40.76669671","-73.99061728","19721","Subscriber","1981","2"
"957","2014-01-01 02:24:53","2014-01-01 02:40:50","388","W 26 St & 10 Ave","40.749717753","-74.002950346","480","W 53 St & 10 Ave","40.76669671","-73.99061728","21100","Subscriber","1981","1"
"244","2014-01-01 02:25:10","2014-01-01 02:29:14","497","E 17 St & Broadway","40.73704984","-73.99009296","402","Broadway & E 22 St","40.7403432","-73.98955109","17895","Subscriber","1991","1"
"115","2014-01-01 02:25:29","2014-01-01 02:27:24","218","Gallatin Pl & Livingston St","40.69028437","-73.98707105","323","Lawrence St & Willoughby St","40.69236178","-73.98631746","19995","Subscriber","1984","2"
"774","2014-01-01 02:25:51","2014-01-01 02:38:45","146","Hudson St & Reade St","40.71625008","-74.0091059","358","Christopher St & Greenwich St","40.73291553","-74.00711384","18945","Subscriber","1973","1"
"247","2014-01-01 02:25:52","2014-01-01 02:29:59","401","Allen St & Rivington St","40.72019576","-73.98997825","326","E 11 St & 1 Ave","40.72953837","-73.98426726","17620","Subscriber","1987","1"
"676","2014-01-01 02:25:54","2014-01-01 02:37:10","479","9 Ave & W 45 St","40.76019252","-73.9912551","446","W 24 St & 7 Ave","40.74487634","-73.99529885","18351","Subscriber","1972","1"
"495","2014-01-01 02:26:02","2014-01-01 02:34:17","453","W 22 St & 8 Ave","40.74475148","-73.99915362","497","E 17 St & Broadway","40.73704984","-73.99009296","15161","Subscriber","1986","1"
"205","2014-01-01 02:26:14","2014-01-01 02:29:39","152","Warren St & Church St","40.71473993","-74.00910627","3002","South End Ave & Liberty St","40.711512","-74.015756","16727","Subscriber","1981","1"
"1967","2014-01-01 02:27:59","2014-01-01 03:00:46","514","12 Ave & W 40 St","40.76087502","-74.00277668","304","Broadway & Battery Pl","40.70463334","-74.01361706","19417","Subscriber","1983","1"
"720","2014-01-01 02:28:43","2014-01-01 02:40:43","446","W 24 St & 7 Ave","40.74487634","-73.99529885","237","E 11 St & 2 Ave","40.73047309","-73.98672378","15071","Subscriber","1986","2"
"1036","2014-01-01 02:28:44","2014-01-01 02:46:00","458","11 Ave & W 27 St","40.751396","-74.005226","422","W 59 St & 10 Ave","40.770513","-73.988038","20894","Subscriber","1978","2"
"708","2014-01-01 02:28:50","2014-01-01 02:40:38","446","W 24 St & 7 Ave","40.74487634","-73.99529885","237","E 11 St & 2 Ave","40.73047309","-73.98672378","15586","Subscriber","1985","1"
"314","2014-01-01 02:29:18","2014-01-01 02:34:32","152","Warren St & Church St","40.71473993","-74.00910627","264","Maiden Ln & Pearl St","40.70706456","-74.00731853","15537","Subscriber","1989","1"
"553","2014-01-01 02:29:29","2014-01-01 02:38:42","404","9 Ave & W 14 St","40.7405826","-74.00550867","442","W 27 St & 7 Ave","40.746647","-73.993915","15985","Subscriber","1961","1"
"239","2014-01-01 02:29:35","2014-01-01 02:33:34","440","E 45 St & 3 Ave","40.75255434","-73.97282625","454","E 51 St & 1 Ave","40.75455731","-73.96592976","20718","Subscriber","1985","1"
"496","2014-01-01 02:29:39","2014-01-01 02:37:55","428","E 3 St & 1 Ave","40.72467721","-73.98783413","507","E 25 St & 2 Ave","40.73912601","-73.97973776","18134","Subscriber","1979","1"
"864","2014-01-01 02:30:22","2014-01-01 02:44:46","358","Christopher St & Greenwich St","40.73291553","-74.00711384","426","West St & Chambers St","40.71754834","-74.01322069","15749","Customer",\N,"0"
"616","2014-01-01 02:30:24","2014-01-01 02:40:40","466","W 25 St & 6 Ave","40.74395411","-73.99144871","326","E 11 St & 1 Ave","40.72953837","-73.98426726","17254","Subscriber","1985","1"
"873","2014-01-01 02:30:58","2014-01-01 02:45:31","358","Christopher St & Greenwich St","40.73291553","-74.00711384","426","West St & Chambers St","40.71754834","-74.01322069","20821","Customer",\N,"0"
"284","2014-01-01 02:31:15","2014-01-01 02:35:59","151","Cleveland Pl & Spring St","40.7218158","-73.99720307","257","Lispenard St & Broadway","40.71939226","-74.00247214","18225","Subscriber","1984","1"
"450","2014-01-01 02:31:38","2014-01-01 02:39:08","257","Lispenard St & Broadway","40.71939226","-74.00247214","502","Henry St & Grand St","40.714215","-73.981346","21017","Subscriber","1976","1"
"858","2014-01-01 02:32:28","2014-01-01 02:46:46","296","Division St & Bowery","40.71413089","-73.9970468","417","Barclay St & Church St","40.71291224","-74.01020234","16811","Customer",\N,"0"
"40686","2014-01-01 02:32:43","2014-01-01 13:50:49","463","9 Ave & W 16 St","40.74206539","-74.00443172","463","9 Ave & W 16 St","40.74206539","-74.00443172","21030","Subscriber","1991","1"
"137","2014-01-01 02:32:47","2014-01-01 02:35:04","405","Washington St & Gansevoort St","40.739323","-74.008119","405","Washington St & Gansevoort St","40.739323","-74.008119","18961","Subscriber","1987","1"
"254","2014-01-01 02:32:55","2014-01-01 02:37:09","261","Johnson St & Gold St","40.69474881","-73.98362464","119","Park Ave & St Edwards St","40.69608941","-73.97803415","20895","Subscriber","1970","1"
"556","2014-01-01 02:33:09","2014-01-01 02:42:25","426","West St & Chambers St","40.71754834","-74.01322069","238","Bank St & Washington St","40.7361967","-74.00859207","16777","Subscriber","1986","1"
"114","2014-01-01 02:33:15","2014-01-01 02:35:09","405","Washington St & Gansevoort St","40.739323","-74.008119","405","Washington St & Gansevoort St","40.739323","-74.008119","15922","Subscriber","1980","2"
"295","2014-01-01 02:33:31","2014-01-01 02:38:26","83","Atlantic Ave & Fort Greene Pl","40.68382604","-73.97632328","241","DeKalb Ave & S Portland Ave","40.68981035","-73.97493121","17371","Subscriber","1983","1"
"516","2014-01-01 02:33:47","2014-01-01 02:42:23","505","6 Ave & W 33 St","40.74901271","-73.98848395","448","W 37 St & 10 Ave","40.75660359","-73.9979009","18159","Subscriber","1980","1"
"259","2014-01-01 02:34:14","2014-01-01 02:38:33","490","8 Ave & W 33 St","40.751551","-73.993934","448","W 37 St & 10 Ave","40.75660359","-73.9979009","15244","Subscriber","1977","1"
"231","2014-01-01 02:34:22","2014-01-01 02:38:13","236","St Marks Pl & 2 Ave","40.7284186","-73.98713956","2003","1 Ave & E 18 St","40.73416059","-73.98024289","16990","Subscriber","1985","1"
"352","2014-01-01 02:34:54","2014-01-01 02:40:46","430","York St & Jay St","40.7014851","-73.98656928","217","Old Fulton St","40.70277159","-73.99383605","14883","Subscriber","1973","2"
"670","2014-01-01 02:35:29","2014-01-01 02:46:39","296","Division St & Bowery","40.71413089","-73.9970468","417","Barclay St & Church St","40.71291224","-74.01020234","16850","Customer",\N,"0"
"350","2014-01-01 02:35:44","2014-01-01 02:41:34","237","E 11 St & 2 Ave","40.73047309","-73.98672378","252","MacDougal St & Washington Sq","40.73226398","-73.99852205","14908","Subscriber","1984","1"
"926","2014-01-01 02:35:56","2014-01-01 02:51:22","151","Cleveland Pl & Spring St","40.7218158","-73.99720307","433","E 13 St & Avenue A","40.72955361","-73.98057249","15811","Subscriber","1987","2"
"1002","2014-01-01 02:36:13","2014-01-01 02:52:55","444","Broadway & W 24 St","40.7423543","-73.98915076","495","W 47 St & 10 Ave","40.76269882","-73.99301222","16049","Subscriber","1958","1"
"892","2014-01-01 02:36:28","2014-01-01 02:51:20","151","Cleveland Pl & Spring St","40.7218158","-73.99720307","433","E 13 St & Avenue A","40.72955361","-73.98057249","15059","Subscriber","1988","1"
"557","2014-01-01 02:36:55","2014-01-01 02:46:12","473","Rivington St & Chrystie St","40.72110063","-73.9919254","82","St James Pl & Pearl St","40.71117416","-74.00016545","18764","Subscriber","1970","1"
"779","2014-01-01 02:37:04","2014-01-01 02:50:03","532","S 5 Pl & S 4 St","40.710451","-73.960876","410","Suffolk St & Stanton St","40.72066442","-73.98517977","16336","Subscriber","1987","1"
"299","2014-01-01 02:37:23","2014-01-01 02:42:22","383","Greenwich Ave & Charles St","40.735238","-74.000271","116","W 17 St & 8 Ave","40.74177603","-74.00149746","18197","Subscriber","1986","1"
"438","2014-01-01 02:37:34","2014-01-01 02:44:52","236","St Marks Pl & 2 Ave","40.7284186","-73.98713956","285","Broadway & E 14 St","40.73454567","-73.99074142","18671","Subscriber","1986","1"
"1323","2014-01-01 02:39:30","2014-01-01 03:01:33","2021","W 45 St & 8 Ave","40.75929124","-73.98859651","352","W 56 St & 6 Ave","40.76340613","-73.97722479","17646","Customer",\N,"0"
"105189","2014-01-01 02:39:38","2014-01-02 07:52:47","403","E 2 St & 2 Ave","40.72502876","-73.99069656","301","E 2 St & Avenue B","40.72217444","-73.98368779","17708","Subscriber","1966","1"
"111","2014-01-01 02:40:02","2014-01-01 02:41:53","257","Lispenard St & Broadway","40.71939226","-74.00247214","257","Lispenard St & Broadway","40.71939226","-74.00247214","16842","Subscriber","1985","1"
"1470","2014-01-01 02:40:40","2014-01-01 03:05:10","388","W 26 St & 10 Ave","40.749717753","-74.002950346","403","E 2 St & 2 Ave","40.72502876","-73.99069656","17543","Subscriber","1968","1"
"367","2014-01-01 02:41:17","2014-01-01 02:47:24","323","Lawrence St & Willoughby St","40.69236178","-73.98631746","410","Suffolk St & Stanton St","40.72066442","-73.98517977","15648","Subscriber","1985","1"
"518","2014-01-01 02:42:00","2014-01-01 02:50:38","503","E 20 St & Park Ave","40.73827428","-73.98751968","168","W 18 St & 6 Ave","40.73971301","-73.99456405","17028","Subscriber","1993","1"
"514","2014-01-01 02:42:14","2014-01-01 02:50:48","318","E 43 St & Vanderbilt Ave","40.75320159","-73.9779874","478","11 Ave & W 41 St","40.76030096","-73.99884222","20801","Subscriber","1974","1"
"284","2014-01-01 02:42:21","2014-01-01 02:47:05","79","Franklin St & W Broadway","40.71911552","-74.00666661","417","Barclay St & Church St","40.71291224","-74.01020234","19611","Subscriber","1965","1"
"433","2014-01-01 02:42:49","2014-01-01 02:50:02","2023","E 55 St & Lexington Ave","40.75968085","-73.97031366","447","8 Ave & W 52 St","40.76370739","-73.9851615","20106","Subscriber","1985","1"
"378","2014-01-01 02:43:00","2014-01-01 02:49:18","435","W 21 St & 6 Ave","40.74173969","-73.99415556","546","E 30 St & Park Ave S","40.74444921","-73.98303529","15348","Subscriber","1988","1"
"1633","2014-01-01 02:43:00","2014-01-01 03:10:13","236","St Marks Pl & 2 Ave","40.7284186","-73.98713956","499","Broadway & W 60 St","40.76915505","-73.98191841","17461","Customer",\N,"0"
"1998","2014-01-01 02:44:04","2014-01-01 03:17:22","347","W Houston St & Hudson St","40.72873888","-74.00748842","368","Carmine St & 6 Ave","40.73038599","-74.00214988","14668","Subscriber","1986","1"
"517","2014-01-01 02:45:07","2014-01-01 02:53:44","247","Perry St & Bleecker St","40.73535398","-74.00483091","294","Washington Square E","40.73049393","-73.9957214","20619","Subscriber","1983","2"
"1071","2014-01-01 02:45:09","2014-01-01 03:03:00","539","Metropolitan Ave & Bedford Ave","40.71534825","-73.96024116","344","Monroe St & Bedford Ave","40.6851443","-73.95380904","15529","Subscriber","1979","1"
"137","2014-01-01 02:45:51","2014-01-01 02:48:08","459","W 20 St & 11 Ave","40.746745","-74.007756","434","9 Ave & W 18 St","40.74317449","-74.00366443","15705","Subscriber","1969","1"
"395","2014-01-01 02:46:26","2014-01-01 02:53:01","486","Broadway & W 29 St","40.7462009","-73.98855723","476","E 31 St & 3 Ave","40.74394314","-73.97966069","16288","Subscriber","1987","1"
"526","2014-01-01 02:47:24","2014-01-01 02:56:10","395","Bond St & Schermerhorn St","40.68807003","-73.98410637","270","Adelphi St & Myrtle Ave","40.69308257","-73.97178913","19833","Subscriber","1989","2"
"596","2014-01-01 02:47:55","2014-01-01 02:57:51","79","Franklin St & W Broadway","40.71911552","-74.00666661","426","West St & Chambers St","40.71754834","-74.01322069","18105","Subscriber","1993","1"
"644","2014-01-01 02:48:17","2014-01-01 02:59:01","403","E 2 St & 2 Ave","40.72502876","-73.99069656","380","W 4 St & 7 Ave S","40.73401143","-74.00293877","17553","Subscriber","1957","1"
"263","2014-01-01 02:48:17","2014-01-01 02:52:40","257","Lispenard St & Broadway","40.71939226","-74.00247214","348","W Broadway & Spring St","40.72490985","-74.00154702","16842","Subscriber","1973","1"
"561","2014-01-01 02:48:28","2014-01-01 02:57:49","212","W 16 St & The High Line","40.74334935","-74.00681753","448","W 37 St & 10 Ave","40.75660359","-73.9979009","19804","Subscriber","1986","1"
"81","2014-01-01 02:48:46","2014-01-01 02:50:07","513","W 56 St & 10 Ave","40.768254","-73.988639","480","W 53 St & 10 Ave","40.76669671","-73.99061728","18748","Subscriber","1988","1"
"587","2014-01-01 02:48:59","2014-01-01 02:58:46","403","E 2 St & 2 Ave","40.72502876","-73.99069656","380","W 4 St & 7 Ave S","40.73401143","-74.00293877","16945","Subscriber","1957","1"
"287","2014-01-01 02:49:03","2014-01-01 02:53:50","317","E 6 St & Avenue B","40.72453734","-73.98185424","302","Avenue D & E 3 St","40.72082834","-73.97793172","15864","Subscriber","1978","1"
"281","2014-01-01 02:49:26","2014-01-01 02:54:07","487","E 20 St & FDR Drive","40.73314259","-73.97573881","545","E 23 St & 1 Ave","40.736502","-73.97809472","19460","Subscriber","1987","1"
"661","2014-01-01 02:49:31","2014-01-01 03:00:32","470","W 20 St & 8 Ave","40.74345335","-74.00004031","507","E 25 St & 2 Ave","40.73912601","-73.97973776","14711","Subscriber","1971","1"
"742","2014-01-01 02:49:41","2014-01-01 03:02:03","290","2 Ave & E 58 St","40.76020258","-73.96478473","498","Broadway & W 32 St","40.74854862","-73.98808416","17765","Subscriber","1981","1"
"913","2014-01-01 02:49:51","2014-01-01 03:05:04","432","E 7 St & Avenue A","40.72621788","-73.98379855","320","Church St & Leonard St","40.71743998","-74.00583475","20601","Subscriber","1988","2"
"779","2014-01-01 02:50:13","2014-01-01 03:03:12","394","E 9 St & Avenue C","40.72521311","-73.97768752","284","Greenwich Ave & 8 Ave","40.7390169121","-74.0026376103","15193","Subscriber","1983","1"
"647","2014-01-01 02:50:31","2014-01-01 03:01:18","223","W 13 St & 7 Ave","40.73781509","-73.99994661","161","LaGuardia Pl & W 3 St","40.72917025","-73.99810231","16733","Subscriber","1986","1"
"556","2014-01-01 02:51:11","2014-01-01 03:00:27","410","Suffolk St & Stanton St","40.72066442","-73.98517977","2003","1 Ave & E 18 St","40.73416059","-73.98024289","19106","Subscriber","1987","1"
"1593","2014-01-01 02:51:37","2014-01-01 03:18:10","312","Allen St & E Houston St","40.722055","-73.989111","346","Bank St & Hudson St","40.73652889","-74.00618026","17504","Subscriber","1975","1"
"367","2014-01-01 02:52:25","2014-01-01 02:58:32","380","W 4 St & 7 Ave S","40.73401143","-74.00293877","284","Greenwich Ave & 8 Ave","40.7390169121","-74.0026376103","19415","Subscriber","1983","2"
"1206","2014-01-01 02:52:57","2014-01-01 03:13:03","449","W 52 St & 9 Ave","40.76461837","-73.98789473","127","Barrow St & Hudson St","40.73172428","-74.00674436","21043","Subscriber","1977","1"
"144","2014-01-01 02:53:01","2014-01-01 02:55:25","430","York St & Jay St","40.7014851","-73.98656928","2000","Front St & Washington St","40.70255088","-73.98940236","15835","Subscriber","1979","1"
"146","2014-01-01 02:53:11","2014-01-01 02:55:37","430","York St & Jay St","40.7014851","-73.98656928","2000","Front St & Washington St","40.70255088","-73.98940236","17711","Subscriber","1981","2"
"2363","2014-01-01 02:53:14","2014-01-01 03:32:37","373","Willoughby Ave & Walworth St","40.69331716","-73.95381995","482","W 15 St & 7 Ave","40.73935542","-73.99931783","16606","Subscriber","1982","1"
"73","2014-01-01 02:53:41","2014-01-01 02:54:54","323","Lawrence St & Willoughby St","40.69236178","-73.98631746","323","Lawrence St & Willoughby St","40.69236178","-73.98631746","20857","Subscriber","1977","1"
"592","2014-01-01 02:54:05","2014-01-01 03:03:57","161","LaGuardia Pl & W 3 St","40.72917025","-73.99810231","358","Christopher St & Greenwich St","40.73291553","-74.00711384","17755","Subscriber","1989","1"
"592","2014-01-01 02:54:34","2014-01-01 03:04:26","479","9 Ave & W 45 St","40.76019252","-73.9912551","509","9 Ave & W 22 St","40.7454973","-74.00197139","16031","Subscriber","1963","1"
"598","2014-01-01 02:54:44","2014-01-01 03:04:42","479","9 Ave & W 45 St","40.76019252","-73.9912551","509","9 Ave & W 22 St","40.7454973","-74.00197139","15396","Subscriber","1984","1"
"337","2014-01-01 02:55:03","2014-01-01 03:00:40","323","Lawrence St & Willoughby St","40.69236178","-73.98631746","127","Barrow St & Hudson St","40.73172428","-74.00674436","19802","Subscriber","1977","1"
"1033","2014-01-01 02:55:15","2014-01-01 03:12:28","532","S 5 Pl & S 4 St","40.710451","-73.960876","119","Park Ave & St Edwards St","40.69608941","-73.97803415","20783","Subscriber","1989","1"
"421","2014-01-01 02:55:25","2014-01-01 03:02:26","521","8 Ave & W 31 St","40.75044999","-73.99481051","509","9 Ave & W 22 St","40.7454973","-74.00197139","18363","Subscriber","1978","2"
"304","2014-01-01 02:55:25","2014-01-01 03:00:29","526","E 33 St & 5 Ave","40.74765947","-73.98490707","528","2 Ave & E 31 St","40.74290902","-73.97706058","15938","Subscriber","1968","1"
"291","2014-01-01 02:55:33","2014-01-01 03:00:24","469","Broadway & W 53 St","40.76344058","-73.98268129","528","2 Ave & E 31 St","40.74290902","-73.97706058","18656","Subscriber","1975","2"
"501","2014-01-01 02:56:01","2014-01-01 03:04:22","483","E 12 St & 3 Ave","40.73223272","-73.98889957","336","Sullivan St & Washington Sq","40.73047747","-73.99906065","17495","Subscriber","1985","2"
"724","2014-01-01 02:56:02","2014-01-01 03:08:06","438","St Marks Pl & 1 Ave","40.72779126","-73.98564945","116","W 17 St & 8 Ave","40.74177603","-74.00149746","16841","Subscriber","1978","1"
"894","2014-01-01 02:56:39","2014-01-01 03:11:33","466","W 25 St & 6 Ave","40.74395411","-73.99144871","228","E 48 St & 3 Ave","40.7546011026","-73.971878855","15730","Subscriber","1986","1"
"411","2014-01-01 02:56:45","2014-01-01 03:03:36","503","E 20 St & Park Ave","40.73827428","-73.98751968","487","E 20 St & FDR Drive","40.73314259","-73.97573881","19977","Subscriber","1985","1"
"414","2014-01-01 02:56:52","2014-01-01 03:03:46","161","LaGuardia Pl & W 3 St","40.72917025","-73.99810231","358","Christopher St & Greenwich St","40.73291553","-74.00711384","17873","Subscriber","1989","1"
"423","2014-01-01 02:56:58","2014-01-01 03:04:01","515","W 43 St & 10 Ave","40.76009437","-73.99461843","512","W 29 St & 9 Ave","40.7500727","-73.99839279","18555","Subscriber","1981","1"
"798","2014-01-01 02:57:19","2014-01-01 03:10:37","446","W 24 St & 7 Ave","40.74487634","-73.99529885","479","9 Ave & W 45 St","40.76019252","-73.9912551","15540","Subscriber","1986","1"
"197","2014-01-01 02:57:24","2014-01-01 03:00:41","504","1 Ave & E 15 St","40.73221853","-73.98165557","297","E 15 St & 3 Ave","40.734232","-73.986923","15404","Subscriber","1964","2"
"751","2014-01-01 02:57:39","2014-01-01 03:10:10","446","W 24 St & 7 Ave","40.74487634","-73.99529885","479","9 Ave & W 45 St","40.76019252","-73.9912551","16433","Subscriber","1981","1"
"952","2014-01-01 02:58:03","2014-01-01 03:13:55","438","St Marks Pl & 1 Ave","40.72779126","-73.98564945","410","Suffolk St & Stanton St","40.72066442","-73.98517977","19074","Subscriber","1973","1"
"527","2014-01-01 02:59:44","2014-01-01 03:08:31","375","Mercer St & Bleecker St","40.72679454","-73.99695094","358","Christopher St & Greenwich St","40.73291553","-74.00711384","19950","Subscriber","1980","1"
"2466","2014-01-01 02:59:59","2014-01-01 03:41:05","402","Broadway & E 22 St","40.7403432","-73.98955109","384","Fulton St & Waverly Ave","40.68317813","-73.9659641","17311","Customer",\N,"0"
"682","2014-01-01 03:00:20","2014-01-01 03:11:42","151","Cleveland Pl & Spring St","40.7218158","-73.99720307","375","Mercer St & Bleecker St","40.72679454","-73.99695094","15612","Customer",\N,"0"
"446","2014-01-01 03:00:29","2014-01-01 03:07:55","439","E 4 St & 2 Ave","40.7262807","-73.98978041","253","W 13 St & 5 Ave","40.73543934","-73.99453948","20846","Subscriber","1976","1"
"623","2014-01-01 03:00:44","2014-01-01 03:11:07","151","Cleveland Pl & Spring St","40.7218158","-73.99720307","375","Mercer St & Bleecker St","40.72679454","-73.99695094","15584","Customer",\N,"0"
"558","2014-01-01 03:00:54","2014-01-01 03:10:12","473","Rivington St & Chrystie St","40.72110063","-73.9919254","320","Church St & Leonard St","40.71743998","-74.00583475","19551","Subscriber","1968","1"
"294","2014-01-01 03:01:00","2014-01-01 03:05:54","297","E 15 St & 3 Ave","40.734232","-73.986923","168","W 18 St & 6 Ave","40.73971301","-73.99456405","17989","Subscriber","1964","2"
"368","2014-01-01 03:02:21","2014-01-01 03:08:29","284","Greenwich Ave & 8 Ave","40.7390169121","-74.0026376103","336","Sullivan St & Washington Sq","40.73047747","-73.99906065","21047","Subscriber","1983","1"
"1674","2014-01-01 03:02:50","2014-01-01 03:30:44","3002","South End Ave & Liberty St","40.711512","-74.015756","498","Broadway & W 32 St","40.74854862","-73.98808416","16727","Subscriber","1985","1"
"279","2014-01-01 03:02:57","2014-01-01 03:07:36","496","E 16 St & 5 Ave","40.73726186","-73.99238967","422","W 59 St & 10 Ave","40.770513","-73.988038","17518","Subscriber","1985","1"
"267","2014-01-01 03:03:46","2014-01-01 03:08:13","487","E 20 St & FDR Drive","40.73314259","-73.97573881","174","E 25 St & 1 Ave","40.7381765","-73.97738662","16949","Subscriber","1976","1"
"834","2014-01-01 03:04:04","2014-01-01 03:17:58","127","Barrow St & Hudson St","40.73172428","-74.00674436","537","Lexington Ave & E 24 St","40.74025878","-73.98409214","19847","Subscriber","1981","1"
"400","2014-01-01 03:05:04","2014-01-01 03:11:44","267","Broadway & W 36 St","40.75097711","-73.98765428","2021","W 45 St & 8 Ave","40.75929124","-73.98859651","16972","Subscriber","1977","1"
"1124","2014-01-01 03:05:17","2014-01-01 03:24:01","268","Howard St & Centre St","40.71910537","-73.99973337","361","Allen St & Hester St","40.71605866","-73.99190759","16772","Subscriber","1969","1"
"284","2014-01-01 03:05:31","2014-01-01 03:10:15","435","W 21 St & 6 Ave","40.74173969","-73.99415556","284","Greenwich Ave & 8 Ave","40.7390169121","-74.0026376103","17512","Subscriber","1963","1"
"450","2014-01-01 03:05:37","2014-01-01 03:13:07","479","9 Ave & W 45 St","40.76019252","-73.9912551","521","8 Ave & W 31 St","40.75044999","-73.99481051","17460","Subscriber","1963","1"
"627","2014-01-01 03:06:09","2014-01-01 03:16:36","128","MacDougal St & Prince St","40.72710258","-74.00297088","334","W 20 St & 7 Ave","40.74238787","-73.99726235","18662","Subscriber","1976","1"
"460","2014-01-01 03:06:27","2014-01-01 03:14:07","324","DeKalb Ave & Hudson Ave","40.689888","-73.981013","258","DeKalb Ave & Vanderbilt Ave","40.68940747","-73.96885458","20936","Subscriber","1988","1"
"1143","2014-01-01 03:07:24","2014-01-01 03:26:27","410","Suffolk St & Stanton St","40.72066442","-73.98517977","326","E 11 St & 1 Ave","40.72953837","-73.98426726","15648","Subscriber","1979","1"
"1575","2014-01-01 03:08:04","2014-01-01 03:34:19","532","S 5 Pl & S 4 St","40.710451","-73.960876","306","Cliff St & Fulton St","40.70823502","-74.00530063","17972","Subscriber","1975","1"
"566","2014-01-01 03:08:08","2014-01-01 03:17:34","300","Shevchenko Pl & E 6 St","40.728145","-73.990214","537","Lexington Ave & E 24 St","40.74025878","-73.98409214","19212","Subscriber","1987","1"
